place.name,place.full_name,user.time_zone,user.location,username,Text,Location Target (Physical) (general),Location Target (Physical) (specific),Location Target (Physical) (unique),Business Target (Physical) (general),Business Target (Physical) (specific),Business Target (Physical) (unique),sentiment_scores
Gold Coast,"Gold Coast, Queensland",Brisbane,"Brisbane, Australia",DJ MAARV,All the #throwback tunes surfersbeergarden Chingy Show lastnight! Got a snap with @stacksssssss‚Ä¶ https://t.co/iyX8bchBZb,Gold Coast,Suburb,Surfer Paradise,Food and Beverage,"Bars, pubs and clubs",Bar,0
Gold Coast,"Gold Coast, Queensland",,"Gold Coast, Australia",Shane Black,A bloody good burger. In a food coma right now ?üòã Check these guys out if you're on the coast‚Ä¶ https://t.co/j7vSDHPiiJ,,,,Food and Beverage,Restaurant,,0
Gold Coast,"Gold Coast, Queensland",,"Sydney, New South Wales",Grant Moxham,.@OfTheWilds  next year (or the one after) we gun try and find a way to drag you down here! There is Korean bbq just down the road....,,,,Food and Beverage,Restaurant,Korean BBQ,-0.1854
Gold Coast,"Gold Coast, Queensland",,,Jonathan Ng,"I'm at Warner Bros. @MovieWorldAus in Oxenford, QLD https://t.co/FnyFpr5DTt",Gold Coast,Suburb,Oxenford,Attraction,Manmade,Theme Park,0
Gold Coast,"Gold Coast, Queensland",Alaska,kl,cheryl,"I'm at Biggera Waters Beach in Biggera Waters, QLD https://t.co/9Ks1fxqxmq",Gold Coast,Suburb,Biggera Waters,,,,0
Gold Coast,"Gold Coast, Queensland",,"New South Wales, Australia",Melissa Jane Petrak,"#Harambe #CincinnatiZoo inadequate protections for visitors &amp; ZOO failed #DutyOfCare
Parents suffering Hatred due to #Defamation
how unfair",Ohio,City,Cincinnati,Cincinnati Zoo,Manmade,Zoo,-0.9468
Gold Coast,"Gold Coast, Queensland",Melbourne,"Fitzroy, Victoria, Australia",Planisphere,"Sun, surf, sea, sand, towers, canals, mountains...place DNA! https://t.co/O7yKSNsZ8t",,,,,,,0
Gold Coast,"Gold Coast, Queensland",Sydney,Australia,Mark Beretta,Morning from the quiksilver Pro! The biggest names in world surfing are out training. wsl @‚Ä¶ https://t.co/MCqySAzfpF,,,,Recreation,Water based sport,Competition,0
Gold Coast,"Gold Coast, Queensland",Melbourne,"Gold Coast, Queensland",WayneDonnelly,Starting the day on the water. Beautiful to watch @ Burleigh Heads Beach https://t.co/LuhCrGhuZ4,Gold Coast,Suburb,Burleigh Heads,,,,0.2997
Gold Coast,"Gold Coast, Queensland",Brisbane,"Brisbane, Australia",NATALIE McCOMAS,"&gt; more summer please ‚òÄÔ∏è?üí?
#vscocam #tallebudgera #goldcoast #MyAustralia @ Tallebudgera Beach https://t.co/zLGkUeKEQC",Gold Coast,Suburb,Tallebudgera,,,,0.3774
Gold Coast,"Gold Coast, Queensland",Central Time (US & Canada),i am beyonce always,Megan Borgmier,"Missin this place and these people more and more @ Gold Coast,‚Ä¶ https://t.co/Xk9gsplyjO",Gold Coast,,,,,,0
Gold Coast,"Gold Coast, Queensland",Brisbane,"Gold Coast, Australia.",?Ç≠?Éº?É©,Wishing I was curled up here instead of working a ten hour day ‚òÅÔ∏è?üí§ @ Nobby's Beach https://t.co/BhrLCQnSb6,Gold Coast,Suburb,Beach,,,,0.2263
Gold Coast,"Gold Coast, Queensland",,,Peter Smith,Supernova Gold Coast #supanovagoldcoast #supanova  #goldcoastsupanova #ilovegoldcoast  #cosplay‚Ä¶ https://t.co/BMB5kDVPVq,Gold Coast,,Supernova ,Entertainment,Events,Supernova,0
Gold Coast,"Gold Coast, Queensland",,"Gold Coast, Queensland",Roger Stevens,#Waikiki #honolulu #Hawaii https://t.co/WZE5zdokA3,Hawaii,,Honolulu,,,,0
Gold Coast,"Gold Coast, Queensland",Eastern Time (US & Canada),"Brisbane, Queensland",Joe,.@danielstorey85 @eaamalyon I always sit with the hardcore Brisbane fans at Brisbane Roar games. Top atmosphere.,,,Stadium,Recreation,Sport,Soccer,0.0674
Gold Coast,"Gold Coast, Queensland",Kuala Lumpur,,Shafiq Shahruddin,"I'm at Sushi D'lite in Robina, QLD https://t.co/ZKvqeweWef",Gold Coast,Suburb,Robina,Food and Beverage,Restaurant,Sushi D'lite,0
Gold Coast,"Gold Coast, Queensland",Melbourne,Kwt‚ù§-The Land Down Under(Aus‚ô°),Ahmad AlBuloushi..,"I'm at Gold Coast Airport (OOL) - @gcairport in Bilinga, QLD w/ @mohammadhamad2 @iknaimish @chakla_ @duaij_khalefa https://t.co/Q0Y61bFbvE",Gold Coast,Suburb,Bilinga,Air transport,Aiport,Gold Coast Airport,0
Gold Coast,"Gold Coast, Queensland",Singapore,Anywhere in the World,‚ô? Furlisia œâ è…≥≈ãe,"Picking up our car?üòÅ (@ Europcar in Surfers Paradise, QLD) https://t.co/3MgBMTcycf",,,Surfer Paradise,Transport,Car rental,Europcar,0.6369
Gold Coast,"Gold Coast, Queensland",Sydney, Australia,Glen Anderson,Milky way in between two storm cells.  Kingscliff Australia #stormhour @StormHour @Earth_Pics @SkyWeatherAUS https://t.co/Rj3IT6jAhS,Northern Rivers,Suburb,Kingscliff,,,,0
Gold Coast,"Gold Coast, Queensland",Kuala Lumpur,Subang - Melbourne,Amm,From Gold Coast with love ?üèÑ?üèª @ Surfers Paradise Beach https://t.co/0MDV6p5RZK,Gold Coast,Suburb,Surfer Paradise,,,,0.8555
Gold Coast,"Gold Coast, Queensland",,"Kuwait#Australia,Gold Coast ",ÿ®Ÿà Ÿ?ÿπŸÇŸàÿ®,"I'm at RACV Royal Pines Resort in Benowa, QLD https://t.co/jzTlsx3xRZ",,,Benowa,Accommodation,Hotel and resort,RACV Royal Pines Resort,0
Gold Coast,"Gold Coast, Queensland",,Bacolod City,Kenn Manasan,Molto buono Gelatissimo! #wheningoldcoast #australia16‚Ä¶ https://t.co/m5HPGdgsMn,Gold Coast,,,Food and Beverage,Ice cream shop,Gelatissimo,0
Gold Coast,"Gold Coast, Queensland",Kuala Lumpur,"Brisbane, Australia",Din Abu Bakar,Long weekend done right. @ Burleigh Heads Beach https://t.co/wHen8EqSMa,Gold Coast,Suburb,Burleigh Heads,,,,0
Gold Coast,"Gold Coast, Queensland",Brisbane,,Zharif Emmett,Went to Sea World today. https://t.co/BhFeKuVwr7,Gold Coast,Suburb,Main Beach,Attraction,Manmade,Themepark,0
Gold Coast,"Gold Coast, Queensland",,,Ben Latimer,Good morning. Swell has picked up a little and has provided some rideable waves. Have s great‚Ä¶ https://t.co/MHILSmWVj7,,,,,,,0.1468
Gold Coast,"Gold Coast, Queensland",Hawaii,Australia,Logan Skinner,Catch up Japanese Lunch with highflyingdreams #japanese #lunch #australiafair‚Ä¶ https://t.co/wLxXrVP9AS,Gold Coast,Suburb,Southport,Shopping,Shopping Centre,Australia Fair,0
Gold Coast,"Gold Coast, Queensland",,,Eric Aranda,During our tribute to prince.. #purplerain #RIP @ Jupiters Gold Coast https://t.co/X6N8MXkecE,Gold Coast,Suburb,Broadbeach,Entertainment,Shows and gambling,Casino,0
Gold Coast,"Gold Coast, Queensland",,,Shane,Beers with Brad at new BB home - great night?üçª #keepitlocal #burleighbrewing‚Ä¶ https://t.co/Y2S66WvNo0,Gold Coast,Suburb,Burleigh Heads,Food and Beverage,Bar,Burleigh Brewing,0.6249
Gold Coast,"Gold Coast, Queensland",,Gold Coast,Cameron Mole,Old school American brown ‚Äî Drinking a Moose Drool Brown Ale @ The Institution Gastro Ale House ‚Äî https://t.co/xFGOuypPSP #photo,,,,Food and Beverage,Bar,The Institution Gastro Ale House,0
Gold Coast,"Gold Coast, Queensland",Mountain Time (US & Canada),Canmore   Alberta,Aydin Odyakmaz,Enjoying the #surf #surfersparadise #Australia #ocean #swim #nature #destination #tourism‚Ä¶ https://t.co/6HI4wS1Fgr,Gold Coast,Suburb,Surfer Paradise,,,,0.5267
Gold Coast,"Gold Coast, Queensland",,,Jonathan Ng,"I'm at @HiltonHotels in Surfers Paradise, QLD https://t.co/knzSIg2W33",Gold Coast,Suburb,Surfer Paradise,Accommodation,Hotel and resort,Hilton Hotels,0.6369
Gold Coast,"Gold Coast, Queensland",Pacific Time (US & Canada),Indonesia~,Afriansyah,I'm yours?ü?∂?üë´?üíï?üí??üí??üí? @ Dreamworld Australia https://t.co/IsE2J4E9O7,Gold Coast,Suburb,Oxenford,Attraction,Manmade,Theme park,0
Gold Coast,"Gold Coast, Queensland",Wellington,"Dunedin, New Zealand",James Gunn,"Loving it over here in #Australia! #travel #snapseed #SamsungS6 @ Surfers Paradise, Queensland https://t.co/ZhZpGtamc9",Gold Coast,Suburb,Surfer Paradise,,,,0.6364
Gold Coast,"Gold Coast, Queensland",Madrid,"Madrid, Comunidad de Madrid",Alberto Casillas,"Goodbye Gold Coast... finishing trip in Oceania, great experience. Now time to build up a better‚Ä¶ https://t.co/SFvcjDd5Ev",Oceania,Country,Australia,,,,0.3125
Gold Coast,"Gold Coast, Queensland",Sydney,,michelle,Today's office setting @ Surfers Paradise Beach https://t.co/8SMjLHHnz0,Gold Coast,Suburb,Surfer Paradise,,,,0.6369
Gold Coast,"Gold Coast, Queensland",Brisbane,"Gold Coast, QLD",Running Physio,Jeff &amp; Tina how about #gcam17 @GCMarathon ? ?üëç?üèª?üëü https://t.co/rNdxlokUin,Gold Coast,,,Recreation,Sport event,GCMarathon,0
Gold Coast,"Gold Coast, Queensland",,,Andrea Jackson,"Sunsets and spas with @olliesblog at @sofitelgc after a day at the beach
#goldcoast #luxury‚Ä¶ https://t.co/hT0F4RaZzb",Gold Coast,Beach,Gold Coast beach,Accommodation,Hotel and Resort,Sofitel,0
Gold Coast,"Gold Coast, Queensland",Brisbane,"Brisbane, Queensland",Aaesha,Saying goodbye to the #GoldCoast ?üò¢ https://t.co/YZqXaYUGKr,Gold Coast,,,,,,0
Gold Coast,"Gold Coast, Queensland",Brisbane,"Gold Coast, Australia",Matt Payne,Not the worst afternoon at metriconstadium for @goldcoastsuns V North #AFLSunsNorth @ Metricon‚Ä¶ https://t.co/16XFHF5yny,Gold Coast,Suburb,Carrara,Recreation,Sport,AFL,-0.6249
Gold Coast,"Gold Coast, Queensland",Mountain Time (US & Canada),"Iowa City‚úàÔ∏èGold Coast, AU",Kelsi Hancock,"Left the airport to Australia, blinked, and 4 months had flown by. I cannot believe my semester‚Ä¶ https://t.co/VWT0lGIuWh",Australia,,,,,,0
Gold Coast,"Gold Coast, Queensland",,,Oliver Bones,Checking out the mansions of surfers paradise! #australia #blackandwhite #boat #sea #sand #cool‚Ä¶ https://t.co/Gnd5Atvf4a,Gold Coast,Suburb,Surfer's Paradise,Water based activity,Boats,,0.3348
Gold Coast,"Gold Coast, Queensland",Alaska,Singapore,Lord K?Øms,"You've been amazing Gold Coast, thank you! #vscocam #goldcoasting @ The Spit, Main Beach https://t.co/aA7xphkqSc",Gold Coast,Suburb,Main Beach,,,,0.3822
Gold Coast,"Gold Coast, Queensland",Brisbane,Gold Coast,City of Gold Coast,"Who's checking out #GLOWGC this saturday night 5pm - 9pm.
at Gold Coast Cultural Precinct? https://t.co/fJu0AzgFOb https://t.co/K2JX16GQr1",Gold Coast,Area,Cultural Precinct,Event,festival,Glow Festival,0
Gold Coast,"Gold Coast, Queensland",Brisbane,"Brisbane, Australia",Des Thureson,Finished! 2016 Quicksilver Pro &amp; Roxy Pro pic gallery https://t.co/aVLmwzBFd5 #QuikPro #RoxyPro #surfing #surfphotos https://t.co/1GXYbiA6VP,,,,Recreation,Sport event,Quicksilver Pro,0
Gold Coast,"Gold Coast, Queensland",Tokyo,,ÂêçÊ≥¢?ÅØ?Çã?Åã,"Champagne time(((?æ¬¥‚àÄ`?æ)?É?‚ô°?ÉΩ(?æ¬¥‚àÄ`?æ)))
#Champagne#restaurant #Goldcoast #hotel #palazzoversace‚Ä¶ https://t.co/oMRjTWj9YS",Gold Coast,Suburb,Main Beach,Accommodation,Hotel and Resort,Palazzo Versace,0.296
Gold Coast,"Gold Coast, Queensland",,,Terry Zarsoff,.@mickobrien83 not much Mick probably dodge the traffic leaving Metricon #big Crowd,,,Metricon,Recreation,Sports and events,Stadium,0
Gold Coast,"Gold Coast, Queensland",,"Queensland / TenthRegion, KUW",ŸÖÿ¥ÿπŸÑ ÿ≠ŸÖÿØÿßŸÜ ÿßŸÑÿπÿØŸàÿßŸÜŸ?,"I'm at Main Beach in Main Beach, QLD https://t.co/UgtXyV0os8",Gold Coast,Suburb,Main Beach,,,,0
Gold Coast,"Gold Coast, Queensland",Melbourne,"Melbourne, Australia",Wayne Schmidt,Old fashioned #cocktail time. #bourbon #q1 @ Longboards Laidback Eatery &amp; Bar https://t.co/jvfALQGs4l,,,,Food and Beverage,"Bars, pubs and clubs",Q1,0.064
Gold Coast,"Gold Coast, Queensland",,Gold Coast,Valerie Moraleda,Monday nights be like... ?üçª @ Dog &amp; Parrot Tavern https://t.co/83XKVWNzc4,,,,Food and Beverage,"Bars, pubs and clubs",,0
Gold Coast,"Gold Coast, Queensland",Melbourne,"Melbourne, Australia (usually)",Andy Fleming,"I'm at Wet'n'Wild Gold Coast - @wetnwildgc in Oxenford, QLD https://t.co/VEV0PnSQC5",Gold Coast,Suburb,Oxenford,Attraction,Manmade,Theme Park,0
Gold Coast,"Gold Coast, Queensland",Melbourne,"Gold Coast, Queensland",Giaan Rooney,I have certainly re-acclimatised to the Qld #weather..... It's 20 degrees today and I'm freezing! ‚ùÑÔ∏è,Queensland,,,,,,0.0547
Gold Coast,"Gold Coast, Queensland",,Australia,Takkesh Mizoguchi,"Happy place for me!! Pic | elijahfrankland 
#greenroom #yogasurf #yogi #milnesurfboards #rugu‚Ä¶ https://t.co/zgGHO5Scr1",,,,,,,0.3234
Gold Coast,"Gold Coast, Queensland",,"Kuwait#Australia,Gold Coast ",ÿ®Ÿà Ÿ?ÿπŸÇŸàÿ®,Rose gold sunrise ?üíõ https://t.co/7Lt1EwVbaX,,,,,,,0
Gold Coast,"Gold Coast, Queensland",,,matt wilkinson,Rnd 4 let's geddit onnnn. @ Quiksilver Pro Gold Coast https://t.co/sHk4TaWs9b,Gold Coast,,,Recreation,sport event,quiksilver pro,0
Gold Coast,"Gold Coast, Queensland",Brisbane,"Gold Coast, Queensland",B4print,"I have never seen two straight lines in the clouds like this before. 

#goldcoast‚Ä¶ https://t.co/myfMaSMhcf",Gold Coast,,,,,,0.1052
Gold Coast,"Gold Coast, Queensland",Alaska,,Izzaty H.,"Day 2 ; Theme park day ?ü?à @ Warner Bros. Movie World - Gold Coast,‚Ä¶ https://t.co/CZk1kQ8vNf",Gold Coast,Suburb,Oxenford,Attraction,Manmade,Theme Park,0
Gold Coast,"Gold Coast, Queensland",,"Sydney, New South Wales",Rob Harris,Another great day on the #goldcoast I am very lucky. #beach #beautiful https://t.co/MYZMbZCXKJ,Gold Coast,,,,,,0.4008
Gold Coast,"Gold Coast, Queensland",,Australia,Oz Tour Guide,Who's ready for the #weekend? A #beautiful #view of the #GoldCoast by @my_photo_place via IG #getoutthereandexplore https://t.co/KGmC4BqqCl,Gold Coast,,,,,,0.1806
Gold Coast,"Gold Coast, Queensland",,,Peter Smith,"Sapphire,Emerald,Jade and Pandanus  
#beach #sun #nature #water #Instag_app #ocean #lake‚Ä¶ https://t.co/ofzMscsUyD",,,,,,,0
Gold Coast,"Gold Coast, Queensland",,Surfers Paradise,Pat Fontana,"#nonamelane #broadbeach #goldcoastlife @ Broadbeach, Queensland, Australia https://t.co/66nBTdtP6g",Gold Coast,Suburb,Broadbeach,,,,0
Gold Coast,"Gold Coast, Queensland",Eastern Time (US & Canada),"Tours / Brisbane, Australia",STL,Frenchies in #SurfersParadise ! #goldcoast #underground #backpacking #aupairs #rasberryyyy @‚Ä¶ https://t.co/Z6WgScobyb,Gold Coast,Suburb,Surfer Paradise,Accomodation,Backpackers,,0
Gold Coast,"Gold Coast, Queensland",Brisbane,"Gold Coast, QLD, Australia",Mark Hindle CFRE,Autumn at #BurleighHeads. Who needs #summer https://t.co/2DfefZnQRF,Gold Coast,Suburb,Burleigh Heads,,,,0
Gold Coast,"Gold Coast, Queensland",Brisbane,Australia,Epic Skateboards,Dominator 900 @ Surfers Paradise Beach https://t.co/bzGpo7WVEH,Gold Coast,Suburb,Surfer Paradise,,,,0.6369
Gold Coast,"Gold Coast, Queensland",Kuala Lumpur,Terengganu,edaayob,"Hooyuuuuuu (@ Warner Bros. @MovieWorldAus in Oxenford, QLD) https://t.co/VtUUNQLpfh",Gold Coast,Suburb,Oxenford,Attraction,Manmade,Theme Park,0
Gold Coast,"Gold Coast, Queensland",Karachi,Brisbane,Faiza Anam Khattak,"Muqeet Ahmad In Movie Wolrd Gold Coast Enjoying Ride on Daffy Duck ?üò??üëå?üèª
#MovieWorld #GoldCoast‚Ä¶ https://t.co/5M96X21GSK",Gold Coast,Suburb,Oxenford,Attraction,Manmade,Theme Park,0.5267
Gold Coast,"Gold Coast, Queensland",Hong Kong,,LukeLandrigan,"After goin wild at wet n' wild @ Gold Coast, Queensland https://t.co/kOLsZoE22w",Gold Coast,Suburb,Oxenford,Attraction,Manmade,Theme Park,0
Gold Coast,"Gold Coast, Queensland",Brisbane,"Gold Coast, Queensland",Annette Jones,"What a superb sunset tonight on the Gold Coast! @ Gold Coast, Queensland https://t.co/FnEKc0PHia",Gold Coast,,,,,,0.3294
Gold Coast,"Gold Coast, Queensland",Brisbane,,Purtz,Drinking a Daisy Duke by @burleighbrewing @ Burleigh Brewing Co ‚Äî https://t.co/HmXyiOjfXd,Gold Coast,Suburb,Burleigh Heads,Food and Beverage,"Bars, pubs and clubs",Bar,0
Gold Coast,"Gold Coast, Queensland",Brisbane,"Gold Coast,  Qld,  Australia",Mark Rowbotham,My Arvo @ Burleigh Heads Beach https://t.co/vLJhHN7HjH,Gold Coast,Suburb,Burleigh Heads,,,,0
Gold Coast,"Gold Coast, Queensland",Sydney,"sydney, australia ",Lucy Rogers,Paradise found ?üôå?üèº‚òÄÔ∏è?üèñ‚úàÔ∏è?üòç #birthdaygetaway #coolangattabeach #greenmount #qld #blessed #australia‚Ä¶ https://t.co/O9q0h9T3Ym,Gold Coast,Suburb,Coolangatta,,,,0.6369
Gold Coast,"Gold Coast, Queensland",Melbourne,Dunkeld ,Kylie Schurmann,"A fine farewell #ate2016. Thank you visitgoldcoast @queensland tourismaustralia1 @ The Garden,‚Ä¶ https://t.co/CSobMXXNPj",Gold Coast,Suburb,Broadbeach,,,,0.2818
Gold Coast,"Gold Coast, Queensland",Pacific Time (US & Canada),"Everywhere, USA",molly_king,"Oh my goodness, Aussies are the best! So many great dances over here, and the advanced Jack and‚Ä¶ https://t.co/b0LdJJFK6r",,,,,,,0.7831
Gold Coast,"Gold Coast, Queensland",,Surfers Paradise,Pat Fontana,"#surfersparadise #goldcoastlife #gliterstrip @ Gold Coast, Queensland https://t.co/4bziptwJuq",Gold Coast,Suburb,Surfer Paradise,Tourism brand,Glitter Strip,,0
Gold Coast,"Gold Coast, Queensland",Brisbane,The Tardis,The One & Only!,#commonwealthgames village being built and then my fave road... What a sight for a #Friday‚Ä¶ https://t.co/DL8F4kV8ey,,,commonwealth games village,Recreation,Sport,Commonwealth Games,0.4404
Gold Coast,"Gold Coast, Queensland",Osaka,"Gold Coast, Australia",?Åó?ÇÖ?Çì‚òÜ,"Triple 9 (@ Reading Cinemas - @readingau in Biggera Waters, QLD) https://t.co/tm8iqfhOhB",Gold Coast,Suburb,Biggera Waters,Entertainment,Cinemas,Reading Cinemas,0
Gold Coast,"Gold Coast, Queensland",Brisbane,"Brisbane, Australia",Nicholas Burge,Flying high this morning with @sbxr at @iFLYtunnel @RiverCityLabs #indoorskydive #goldcoast #tandalife https://t.co/55ma30aO5J,Gold Coast,Suburb,Surfer Paradise,Recreation,Indoor sky diving,iFLY Gold Coast,0
Gold Coast,"Gold Coast, Queensland",Beijing,Gotham City,Andrea Chu,I ‚ù§Ô∏è Aussies @ Surfers Paradise Beach https://t.co/Llv0sPiyPY,Gold Coast,Suburb,Surfer Paradise,,,,0.6369
Gold Coast,"Gold Coast, Queensland",,"Gold Coast, Queensland",?Å¥?Å£?Å¥‚òÜ,"Pancake on the rocks?üç??üç∞?üçπ
#pancakes #pancakeontherocks #australia #goldcoast #surfers‚Ä¶ https://t.co/14sqtqbrj4",Gold Coast,Suburb,Surfer Paradise,Food and Beverage,Restaurant,Pancake on the Rocks,0
Gold Coast,"Gold Coast, Queensland",Santiago,Santiago - Chile,Karen Riquelme,Our first BBQ ?üëå?üå??üíï #Australia #Beach #Asao @ Surfers Paradise Beach https://t.co/PksovECCft,Gold Coast,Suburb,Surfer Paradise,,,,0.6369
Gold Coast,"Gold Coast, Queensland",Brisbane,"Gold Coast, Queensland",Janelle Spence,Beautiful walk on the #GoldCoast with #HarleyDog #qld #beautiful #sun #broadwater #love #luckycountry #aussie https://t.co/0c409ObxMm,Gold Coast,,,Recreation,Walk,,0.5994
Gold Coast,"Gold Coast, Queensland",Singapore,Singapore,Kady,"OOL // Into the woods

#HCDKdownunder #austrippin #aiqing #throwback‚Ä¶ https://t.co/sJTRoaSMe0",Gold Coast,Suburb,Bilinga,Transport,Air transport,Airport,0
Gold Coast,"Gold Coast, Queensland",Alaska,"Makati City, Philippines",Sea Princess,Time for some water fun at dreamworldau #whitewater #goldcoast #Australia @ WhiteWater World‚Ä¶ https://t.co/W40plkbD0F,Gold Coast,Suburb,Coomera,Attraction,Manmade,Theme Park,0.5106
Gold Coast,"Gold Coast, Queensland",Singapore,Singapore,Joy Gabriella Molina,Smell the sea and feel the sky. Let your soul and spirit fly ‚ú® #joytripping @ Surfers Paradise‚Ä¶ https://t.co/USzVln4waj,Gold Coast,Suburb,Surfer Paradise,,,,0.089
Gold Coast,"Gold Coast, Queensland",Brisbane,"Gold Coast, Queensland",Lesley Morgan,Off to @CbusStadium #LetsRoastSomeChooks #GoTitans #NRLTitansRoosters ?üíô?üíõ,Gold Coast,Suburb,Robina,Recreation,Sports and events,NRL,0
Gold Coast,"Gold Coast, Queensland",,,Ale Gal?°n,"I thought of you and how you love this beauty, And walking up the long beach all alone...",,,Long beach,,,,0.8658
Gold Coast,"Gold Coast, Queensland",,Oxford,Danny T,Walking on really NOT flat roads at rainbow. The views are always worlds #rainbowbay #queensland‚Ä¶ https://t.co/OMh9nG4Imx,Queensland,,Rainbow Bay,,,,0
Gold Coast,"Gold Coast, Queensland",Kuala Lumpur,,Villain,"It was last night
#surfersparadise #goldcoast #beach #australia‚Ä¶ https://t.co/KhSBbsjFGt",Gold Coast,Suburb,Surfer Paradise,,,,0
Gold Coast,"Gold Coast, Queensland",Pacific Time (US & Canada),"Redondo Beach, CA",JiuJitsuProGear,"Gold Coast, Queensland @ Snapper Rocks https://t.co/FlhHH7KfQD",Gold Coast,Suburb,Coolangatta,,,,0
Gold Coast,"Gold Coast, Queensland",Sydney,"Newcastle, Australia",Kirsty,"I really can't complain about the view from our room. Loving it here on the Gold Coast, even if‚Ä¶ https://t.co/dOGLu82VgO",Gold Coast,,,Accommodation,Room,,0.4684
Gold Coast,"Gold Coast, Queensland",Pacific Time (US & Canada),"?úT: -6.243112,106.928721",Bayu Cahyo Nugroho,Dinner ?üç¥?üç∑ (at @hardrock) ‚Äî https://t.co/GViAUxOZBY,,,Hardrock,Food and Beverage,Restaurant,Hardrock CafÈ,0
Gold Coast,"Gold Coast, Queensland",,Gold Coast Qld Australia,pamela,"Take me home!
@blog_pamela #GoldCoast #Surfersparadise https://t.co/o5AwhYxvrA",Gold Coast,Suburb,Surfers Paradise,,,,0
Gold Coast,"Gold Coast, Queensland",,"East Region, Singapore",sleeping beauty,They weren't kidding when they said the shops here closes at 5pm...‚Ä¶ https://t.co/Rzqb3igdDG,,,,Retail,,,-0.0762
Gold Coast,"Gold Coast, Queensland",Sydney,"Brisbane, Queensland",Alaisdair,This just made my life better #sushi #japanese #dinner #pacificpines #goldcoast #instafood‚Ä¶ https://t.co/ZnwExuSuxe,Gold Coast,Suburb,Pacific Pines,Food and Beverage,Restaurant,Japanese,0.4404
Gold Coast,"Gold Coast, Queensland",Brisbane,Gold Coast,Lesley Morgan,Lol @emirates as if your service is like this. Ask @belindaofficial what kind of service you give &amp; its very poor!!  https://t.co/7oBxiVeVmR,,,,Transport,Air transport,Airline,0.0131
Gold Coast,"Gold Coast, Queensland",Brisbane,"Queensland, Australia",Michael Cooper,One of the best Acai bowls in town! #sunday #relax #Love #kids https://t.co/WD41zJeZWD,,,,Food and Beverage,,Acai bowl,0.3348
Gold Coast,"Gold Coast, Queensland",Brisbane,Surfers Paradise,Hugh Jesse,#goldcoast #queensland #longexposure #canon #blackandwhite #surfers https://t.co/Aqkwa6srMw,Gold Coast,Suburb,Surfer Paradise,,,,0
Gold Coast,"Gold Coast, Queensland",Brisbane,Australia,Phoenix Steen‚Ñ¢,I took this picture for my brother Joel. #Silverchair #HardRock #surfersparadise #Goldcoast‚Ä¶ https://t.co/oSubQ52thI,Gold Coast,Suburb,Surfer Paradise,Food and Beverage,Restaurant,Hard Rock CafÈ,0
Gold Coast,"Gold Coast, Queensland",Pacific Time (US & Canada),Tahoe,Jamie Anderson,"Good day mate! ?üíô?üåÄ?üå??üôè

 @leticiabufoni gopro #gopro #seeaustralia @ Sanctuary Cove, Queensland https://t.co/XDrkmpKtfl",Gold Coast,Suburb,Hope Island,,,,0.2463
Gold Coast,"Gold Coast, Queensland",Sydney,"Sydney, Australia",Trish G Tonel,Diokno cousins reunited! What's up Surfers? @ Hilton Surfers Paradise https://t.co/MtP2tl8Fxf,Gold Coast,Suburb,Surfer Paradise,,,,0.2123
Gold Coast,"Gold Coast, Queensland",,"Freeloader@openhouse, Malaysia",ryun Èæç Ê≥¢,Sunrise jog with the white doves @  Surfers Paradise https://t.co/hDMEcf5R6K,Gold Coast,Suburb,Surfer Paradise,,,,0.6369
Gold Coast,"Gold Coast, Queensland",,"Bruce, Canberra",Capital Chemist UC,Travelling to @APPConfAus via @gclightrail. What to expect at #APP2016,,,,Event,conference,APP Conference,0
Gold Coast,"Gold Coast, Queensland",Sydney,sydney,jared,"whether you're halfway across the world or actually at the festival, the highlights of coachella are always vanessa hudgens' instagrams",California,City,Indio,Leisure,Event and festival,Coachella,0.4939
Gold Coast,"Gold Coast, Queensland",Hanoi,MNL,Polo Bugay,Views #vscocam #vsco @ Mantra Crown Towers https://t.co/WLNDC3xNsC,Gold Coast,Suburb,Surfer Paradise,Accommodation,Hotel and resort,Mantra Crown Towers,0
Gold Coast,"Gold Coast, Queensland",Mumbai,"Mumbai, India",Rashmi Uday Singh,Wow theatre #HORSES  #dogs #snow #musical #dance #tricks  and more @highcountryaos wt erinmoston‚Ä¶ https://t.co/JeUKK4BBWd,,,,,,,0.5859
Gold Coast,"Gold Coast, Queensland",,Korea/Seoul,Lee Joohee," @ Goldcoast, Australia #australia #thisisqueensland #goldcoast #goldcoastlife #suffersparadise‚Ä¶ https://t.co/lqOsIxW5Vi",Australia,Queensland,Gold Coast,,,,0
Gold Coast,"Gold Coast, Queensland",Brisbane,"Burleigh Heads, Australia",Matt Crawford,"Big day at #Retail Tech X today #TotalExpoAu (at @VirginAustralia Lounge in Bilinga, QLD) https://t.co/Mv8SE73YWA",Bilinga,,,Event,Exhibition,Retail Tech X,0
Gold Coast,"Gold Coast, Queensland",Brisbane,?Å??Éº?Åô?Å®?Çâ?Ç??ÅÇ,?Åá?Åø?Åã,"Stay high‚úîÔ∏è?üíØ
.
#stayhigh #staypositive @ Surfers Paradise, Queensland https://t.co/dMbRB9Kcpr",Gold Coast,Suburb,Surfer Paradise,,,,0.3185
Gold Coast,"Gold Coast, Queensland",Kuala Lumpur,selangor,ShaiQa Jim,?üòò @ Surfers Paradise Beach https://t.co/4HTBah18qM,Gold Coast,Suburb,Surfer Paradise,,,,0.6369
Gold Coast,"Gold Coast, Queensland",Wellington,Everywhere,Amy F,// Scenes from yesterday's hike. I headed out to the Lakelands with my parents who leave to live‚Ä¶ https://t.co/fRT3hjQZbW,,,Lakelands,,,,-0.0258
Gold Coast,"Gold Coast, Queensland",Melbourne,,Andre Bezemer,Pulled pork nachos @movieworldaus https://t.co/eVu8wYPzez,Gold Coast,Suburb,Oxenford,Attraction,Manmade,Theme Park,0
Gold Coast,"Gold Coast, Queensland",,Kuala Lumpur,aisha hilfigerh,"I'm at Surfers Paradise Beach in Surfers Paradise, QLD https://t.co/YWCCSTsXDd",Gold Coast,Suburb,Surfer Paradise,,,,0.8555
Gold Coast,"Gold Coast, Queensland",,"Adelaide, South Australia",Andrew McGiffert,Ahhhhh a giant spider has gotten smile_dave at #draculashauntedhouse @ Draculas Haunted House https://t.co/10VTKvSlVo,,,Draculas Haunted House,Entertainment,theatre,draculas haunted house,-0.4767
Gold Coast,"Gold Coast, Queensland",,Johannesburg and Brisbane,Levelan Maistry,"SEA View.

#Beach #Sea #Summer #Ocean #View #LandScape #Blue #WavesAfterWaves @ Surfers‚Ä¶ https://t.co/oHJ3CEgpbS",Gold Coast,Suburb,Surfer Paradise,,,,0
Gold Coast,"Gold Coast, Queensland",Kuala Lumpur,malaysia,Zan Muhd,"Second time. Tak puas katanya (@ Warner Bros. @MovieWorldAus in Oxenford, QLD) https://t.co/kotfj19D5K",Gold Coast,Suburb,Oxenford,Recreation,Themepark and entertainment,Movie World,0
Gold Coast,"Gold Coast, Queensland",Perth,Perth West Australia,Trevor O'Sullivan,"A Sky A Day for a year - Day  41
#surfers at surfers #paradise &amp; a #rainbow

#currumbin‚Ä¶ https://t.co/O7KTlEpzh4",Gold Coast,Suburb,Surfer Paradise,,,,0
Gold Coast,"Gold Coast, Queensland",Canberra,Gold Coast / Canberra,Gordon Watson,"I'm at Little Mermaid in Mermaid Beach, Queensland https://t.co/E7bt494tsm",Gold Coast,Suburb,Mermaid Beach,Food and Beverage,Restaurant,Little Mermaid,0
Gold Coast,"Gold Coast, Queensland",Santiago,,Fernanda Daichtman,?üå¥‚òÄÔ∏è?üåª @ Kirra Beach https://t.co/4Ahh0t7F3Q,,,Kirra Beach,,,,0
Gold Coast,"Gold Coast, Queensland",Kuwait,"bayan,kuwait,Melbourne,bendigo",laila Jeragh,"I'm at @AustraliaFair in Southport, QLD https://t.co/ShHoUXH63r",Gold Coast,Suburb,Southport,Shopping,Shopping Centre,Australia Fair,0
Gold Coast,"Gold Coast, Queensland",Singapore,You,R E ‚ñΩ 3,"?ü?¢?ü?†?ü?°?üá¶?üá∫ | #renetravels #fhsgoestogc @ Warner Bros. Movie World - Gold Coast, Australia https://t.co/fYtt9DWNR6",Gold Coast,,warner bros movie world,entertainment,theme park,warner bros movie world,0
Gold Coast,"Gold Coast, Queensland",Urumqi,,ÎÇ®ÌÉúÌòÑ,"sunrise in gold coast, missing this view and the weather ‚õÖÔ∏è @ Coolangatta https://t.co/QrveRd9jki",Gold Coast,Suburb,Coolangatta,,,,-0.296
Gold Coast,"Gold Coast, Queensland",Brasilia,,orlando matheus,"I'm at Lakeside Lodge in Mermaid Waters, QLD https://t.co/cGK0sQsIfx",Gold Coast,Suburb,Mermaid Waters,Accommodation,Hotel and Resort,Lakeside Lodge,0
Gold Coast,"Gold Coast, Queensland",,"Gold Coast, Queensland",AWOL Family,Good morning ?üòÄ #goldcoast #hinterland https://t.co/Wnt1qUyxvA,Gold Coast,Region,Hinterland,,,,0.4404
Gold Coast,"Gold Coast, Queensland",Beijing,"Rainbows, Bunnies and Unicorns",N‚?îDIA,?üèñ @ Gold Coast Surfers Paradise Beach https://t.co/gbxgfHiWJZ,Gold Coast,Suburb,Surfer Paradise,,,,0.6369
Gold Coast,"Gold Coast, Queensland",Kuwait,ÿßŸÑŸÉŸàŸ?ÿ™  ,ÿπÿ®ÿØÿßŸÑŸÑŸá ÿßŸÑŸÇÿ≠ÿµ #17,"?üíô?üíô (@ RACV Royal Pines Resort in Benowa, QLD w/ @itsa3mdo) https://t.co/IEXBX1YaBu",Gold Coast,Suburb,Benowa,Accommodation,Hotel and Resort,Royal Pines Resort,0
Gold Coast,"Gold Coast, Queensland",Brisbane,Burleigh Heads,Terry Tappa Teece,Tappa's Instagram surf report 6/5/16 @ Burleigh Heads Beach https://t.co/0MvtInaurW,,,burleigh heads beach,,,,0
Gold Coast,"Gold Coast, Queensland",Brisbane,"Gold Coast, Australia",Patrick Considine,Good Morning from the GC. @ Surfers Paradise Queensland Gold Coast https://t.co/DYtaOxCndP,Gold Coast,,Surfer Paradise,,,,0.5387
Gold Coast,"Gold Coast, Queensland",,"Adelaide, South Australia",Timmy,Carn You Kangas #nmfc @ Metricon Stadium (formerly Carrara Stadium) https://t.co/PTpiAi157e,Gold Coast,Suburb,Carrara,Recreation,Sport,AFL,0
Gold Coast,"Gold Coast, Queensland",Bangkok,In surabaya,Theresia veronica,How Great is Our God ?üôè?üôèBeautiful ?üëè @ Dreamworld Australia https://t.co/OEIQipLZOQ,Gold Coast,Suburb,Oxenford,Recreation,Themepark and entertainment,Dreamworld,0.7351
Gold Coast,"Gold Coast, Queensland",Brisbane,Brisbane Gold Coast Australia,Liz Cantor,"Waking up at @marriottsurfers #longweekendaway ?üòâ #goldcoast 

#goldcoasthotels #waterfalls‚Ä¶ https://t.co/xyozHyUsEz",Gold Coast,Suburb,Surfer Paradise,Accommodation,Hotel and Resort,The Marriott,0
Gold Coast,"Gold Coast, Queensland",Alaska,,Queen_Nadhira,?üå? @ Gold Coast Surfers Paradise Beach https://t.co/anRDo7GpGJ,Gold Coast,Suburb,Surfer Paradise,,,,0.6369
Gold Coast,"Gold Coast, Queensland",Brisbane,"gold coast, australia",Nathan,Fridays ?üòÅ @ Palm Beach Surf Life Saving Club https://t.co/EAkiqEwaZw,Gold Coast,Suburb,Palm Beach,Food and Beverage,Restaurant,Palm Beach Surf Life Saving Club,0
Gold Coast,"Gold Coast, Queensland",Hong Kong,,ISSA,Issa cream all day everyday ?üëÖ @ Dreamworld Australia https://t.co/DwSaD7VWVS,Gold Coast,Suburb,Oxenford,Recreation,Themepark and entertainment,Dreamworld,0
Gold Coast,"Gold Coast, Queensland",,,water bender,"Weightless//All Time Low @ Movieworld, Goldcoast. Australia https://t.co/ZnkgSFUQ1s",Gold Coast,Suburb,Oxenford,Recreation,Themepark and entertainment,Movie World,-0.1366
Gold Coast,"Gold Coast, Queensland",Brisbane,Gold Coast,Simon Backman,Sunset Dives.. Time to get wet ?üëå @ Gold Coast Seaway https://t.co/i9CYMCfyaL,Gold Coast,Suburb,The Spit,,,,0
Gold Coast,"Gold Coast, Queensland",,...I know places...,TŒîLI∆©SŒ®Œ†E     2.0,"Sunset over industrial estate

2/3

#sunset #sun #pretty #beautiful #red #orange #pink #sky‚Ä¶ https://t.co/jVptEVrKf2",,,,,,,0
Gold Coast,"Gold Coast, Queensland",New Caledonia,"Sydney, Australia",Soulla Chamberlain,Sunset beach walk on the #GoldCoast with andreeana and my 2 monkeys. Perfect way to end a‚Ä¶ https://t.co/8CYpXNPckv,Gold Coast,,,,,,0.2859
Gold Coast,"Gold Coast, Queensland",Sri Jayawardenepura,,Charith Kariyawasam,"Burleigh Beach, Gold Coast QLD

#goldcoast #qld #australia #travel #travelgram #beach‚Ä¶ https://t.co/7kloyTIgQ2",Gold Coast,Suburb,Burleigh Heads,,,,0
Gold Coast,"Gold Coast, Queensland",Jakarta,"Jakarta, Indonesia",Maureen Hitipeuw,From where I sit...will go up there to skypoint_au this afternoon. Can't wait! @ Surfers‚Ä¶ https://t.co/u0GshmAclv,,,skypoint,Attraction,,skypoint,0
Gold Coast,"Gold Coast, Queensland",Sydney,"Sydney, New South Wales",Karlee Elisabeth,First day at the theme parks #seaworldnara #seaworldgoldcoast #familyvacay #familyroadtrip‚Ä¶ https://t.co/jiwoq21VDn,Gold Coast,Suburb,Main Beach,Recreation,Themepark and entertainment,Sea World,0
Gold Coast,"Gold Coast, Queensland",Yakutsk,Australia ,Katrina Willis,Good morning Gold Coast. Good morning paradise ‚ù§ 3 days until winter ?üòâ #goldcoast is #paradise‚Ä¶ https://t.co/FPQUJECUj9,Gold Coast,,,,,,0.6184
Gold Coast,"Gold Coast, Queensland",Pacific Time (US & Canada),"Los Angeles, CA",MatthewMichaelBrown,Best day of the trip so far! #queensland @ Currumbin Wildlife Sanctuary https://t.co/mTmNGfcSHZ,Gold Coast,Suburb,Currumbin,Recreation,Themepark and entertainment,Currumbin Wildlife Sanctuary,0.3348
Gold Coast,"Gold Coast, Queensland",Quito,"Sydney,Australia #AD",Ahmaaaadddd,"I'm at RACV Royal Pines Resort in Benowa, QLD w/ @_amm11 @zainabalshamali @bu3ashour_ @mmb092 @aaal3jeel @fahadmhm1 https://t.co/4z40f5IOa4",Gold Coast,Suburb,Benowa,Accommodation,Hotel and Resort,Royal Pines Resort,0
Gold Coast,"Gold Coast, Queensland",,Bacolod City,Kenn Manasan,"I'm at Tower Of Terror II in Coomera, QLD https://t.co/4rohnyqjgP https://t.co/n4V8wzeEaz",Gold Coast,Suburb,Oxenford,Recreation,Themepark and entertainment,Dreamworld,-0.5267
Gold Coast,"Gold Coast, Queensland",,Australia,Glenn Hunt,#AnzacDay #ElephantRock #Currumbin #Queensland #Australia ¬© Glenn Hunt / #aap #Photojournalism‚Ä¶ https://t.co/YzAuREFs1G,,,Currumbin,Food and Beverage,,elephant rock cafÈ,0
Gold Coast,"Gold Coast, Queensland",Brasilia,,orlando matheus,"I'm at Melody Street in Mermaid Waters, QLD https://t.co/kXESRm1BU1",,,Mermaid Waters,,,,0
Gold Coast,"Gold Coast, Queensland",Brisbane, Australia,Bevin Rijkaart,Hinze dam first thing in the morning - not bad ... #goldcoast #hinzedam #firstlight https://t.co/Pl70097Wat,Gold Coast,Area,Hinze Dam,,,,0.431
Gold Coast,"Gold Coast, Queensland",Central Time (US & Canada),"Avila University KC, MO",Marc Wilson,Cheers from the Gold Coast of Australia! https://t.co/elZjgdddKk,Gold Coast,,,,,,0.2627
Gold Coast,"Gold Coast, Queensland",Hobart,"Hobart, Australia",Craig Millsom,"I'm at Lake Orr in Varsity Lakes, QLD https://t.co/MsQ14n2vlh",Gold Coast,Suburb,Varsity Lakes,,,,0
Gold Coast,"Gold Coast, Queensland",,,hennaelena,"#feelingkidsagain 
#adakukesah
#wet&amp;wildgoldcoast @ Wet'n'Wild Gold Coast https://t.co/aKJ79wHY06",Gold Coast,Suburb,Oxenford,Recreation,Themepark and entertainment,Wet'n'Wild,0
Gold Coast,"Gold Coast, Queensland",Brisbane,Gold Coast,Simon Backman,Sunrise on the GC... Great day ahead I feel. #GoldCoast #Sunrise #weekendsunshine https://t.co/5qiQuBtian,Gold Coast,,,,,,0.3125
Gold Coast,"Gold Coast, Queensland",,Bangkok,Thi Thi,Lunch with this view. #yatchclub @ South Port Yacht Club https://t.co/phh2fiUsPv,Gold Coast,Suburb,Southport,Recreation,Sport,Southport Yacht Club,0
Gold Coast,"Gold Coast, Queensland",Adelaide,"Near Adelaide, Australia",Jenno Von Marie,I don't think I'm ogre enough to fit into this. ?üòÇ #Shrek #DreamWorks #Dreamworld #QLD #GoldCoast‚Ä¶ https://t.co/UyVcR22PLK,Gold Coast,Suburb,Oxenford,Recreation,Themepark and entertainment,Dreamworld,0.1806
Gold Coast,"Gold Coast, Queensland",Brisbane,B R I S B A N E // A U S ,Teigan Ireland ‚òÄÔ∏è,"Maybe we just really like Drake. @ Surfers Paradise, Queensland https://t.co/Yl9a7OPcF6",drake,,,,,,0.5285
Gold Coast,"Gold Coast, Queensland",,"Gold Coast, Queensland",mika‚ô°,MOVIE WORLD?Å´?Çπ?Éó?É©?ÉÉ?Ç∑?É•?É??Ç¶?É≥?ÉÜ?É≥?Åù?Å£?Åè?Ç??Å™?Ç¢?Éà?É©?ÇØ?Ç∑?Éß?É≥?Åå?ÅÇ?Å£?ÅüÔºÅ?Å©?Å£?Å°?ÅåÂÖà?Å´?Åß?Åç?Åü?Çì?Å†?Çç?ÅÜ?üí° https://t.co/pCXK8hsu6S,,,movie world,Entertainment,themepark,movie world,0
Gold Coast,"Gold Coast, Queensland",Brisbane,Queensland Australia,Jonathan Trevithick,@EricIdle not for RT but things to do in Melb.Visit the Gaol and re-enact the Ned Kelly trial.I played @JohnCleese ! https://t.co/gmZqSyJkk3,Melbourne,,,Attraction,cultural attraction,Gaol,0.2627
Gold Coast,"Gold Coast, Queensland",Canberra,Canberra/Melbourne,Mark J,"IM IN MIAMI (BEACH, Gold Coast)",Gold Coast,Suburb,Miami,,,,0
Gold Coast,"Gold Coast, Queensland",Sydney,Australia,Silent Sessions,"@DOYOUYOGA Practicing on the sunny Gold Coast, Australia ?üòÑ",Gold Coast,,,,,,0.4215
Gold Coast,"Gold Coast, Queensland",Singapore,,Karen,Cat Woman in action! #MovieWorld @ Warner Bros. Movie World - Gold‚Ä¶ https://t.co/qgDcyJEi7J,Gold Coast,Suburb,Oxenford,Recreation,Themepark and entertainment,Movie World,0
Gold Coast,"Gold Coast, Queensland",Brisbane,"Gold Coast, QLD",Running Physio,@markbouris just left your #goldcoast event. Was looking fwd 2 learning but disrespected by no ownership of late start-left w colleagues,Gold Coast,,,Event,,,-0.3891
Gold Coast,"Gold Coast, Queensland",Brisbane,"Gold Coast,  Qld,  Australia",Mark Rowbotham,Good Morning! #1 #coffee @ Metro Coffee Broadbeach https://t.co/2EHSf8DQrg,Gold Coast,Suburb,Broadbeach,Food and Beverage,CafÈ,Metro Coffee,0.2463
Gold Coast,"Gold Coast, Queensland",,Gold Coast Qld Australia,pamela,Come on sunshine you know you can' happy Tuesday &amp; coffee time' hot chocolate on the other side! https://t.co/uQEwBYvJ67,,,,,,,0.4008
Gold Coast,"Gold Coast, Queensland",Brisbane,where giant spiders eat snakes,TargaryenQueen,Dreamworld with the fam. Squaaaaaaa @ Dreamworld Australia https://t.co/avcHJgSeNj,Gold Coast,Suburb,Oxenford,Recreation,Themepark and entertainment,Dreamworld,0
Gold Coast,"Gold Coast, Queensland",,Adelaide,Scott Roberts,.@Adelaide_FC great win @MetriconStadium https://t.co/VOjt9o6vMW,Gold Coast,Suburb,Carrara,Recreation,Sport,AFL,0.418
Gold Coast,"Gold Coast, Queensland",Tokyo,Â∫ÉÂ≥∂,?Åæ?Åå?Å∂?Éº,"""We are Supermans!!!""
#movieworld #superman #rollercoaster #dizzy #3boys #sameclothes @ Warner‚Ä¶ https://t.co/6WxLEY910d",Gold Coast,Suburb,Oxenford,Recreation,Themepark and entertainment,Movie World,0
Gold Coast,"Gold Coast, Queensland",,,Craig Fraley,Not a bad way to spend the afternoon. #gopro #thesearch #livethesearch @ Greenmount Beach https://t.co/sFkYedB2LB,Gold Coast,Suburb,Coolangatta,,,,-0.2712
Gold Coast,"Gold Coast, Queensland",Pacific Time (US & Canada),Astridfit6@gmail.com,AstridFit Nutrition,Just posted a photo @ Miami North Beach https://t.co/dzwFdXi7T5,Gold Coast,Suburb,Miami,,,,0
Gold Coast,"Gold Coast, Queensland",Brisbane,Melbourne,James Crewe,#friyay #justanotherdayinparadise #goodfood #goldcoastlife @ Miami Marketta https://t.co/IX26Yp2Ivb,Gold Coast,Suburb,Miami,Food and Beverage,Markets,Miami Marketta,0
Gold Coast,"Gold Coast, Queensland",London,"Gold Coast, Queensland",Victoria Adams,"Across to South Straddie on a spectacular Autumn morning ?üôå?üèº‚òÄÔ∏è
#sun #bluesky #beach‚Ä¶ https://t.co/1Kz9OfrWqP",Moreton Bay,Island,South Stradbroke Island,,,,0
Gold Coast,"Gold Coast, Queensland",Brisbane,"Alexandra Hills, Brisbane",Zeke,?üë´ Ready to get wet n wild! ?üå??üëô?üï∂@anjemua @ Wet'n'Wild Gold Coast https://t.co/QgndaVespp,Gold Coast,Suburb,Oxenford,Recreation,Themepark and entertainment,Wet'n'Wild,0.2099
Gold Coast,"Gold Coast, Queensland",Bogota,Australia,‚ÑìœÖ?∫—îŒπ‚ÑìŒπ,#moon #goldcost #australia @ Broadbeach on the Gold Coast https://t.co/vHovWHQrAv,Gold Coast,Suburb,Broadbeach,,,,0
Gold Coast,"Gold Coast, Queensland",Kuala Lumpur,"Johor Bahru, Johor",Paten Eno,"I'm at Paradise Jet Boating in Main Beach, QLD https://t.co/JwKEuvTnyb",Gold Coast,Suburb,Main Beach,Leisure,Boating,Paradise Jet Boating,0.6369
Gold Coast,"Gold Coast, Queensland",Pacific Time (US & Canada),"Los Angeles, CA",MatthewMichaelBrown,Brown bear meets Koala bear. #australia @ Currumbin Wildlife Sanctuary https://t.co/y2jAmvsTBt,,,Currumbin Wildlife Sanctuary,attraction,wild life sanctuary,,0
Gold Coast,"Gold Coast, Queensland",Melbourne,"Melbourne, Australia",Madeline Meates,Insta-ception dreamworldau @ Dreamworld Australia https://t.co/Ns7q2dskF3,,,Theme Park,,,,0
Gold Coast,"Gold Coast, Queensland",Brisbane,,Jude B,"Beam me up?üëΩ I'm ready?üòå?üòâ
#lol #photooftheday #gorgeous #rainbow #doublerainbow #startrek #haha‚Ä¶ https://t.co/LUiWYRHlnZ",,,,,,,0
Gold Coast,"Gold Coast, Queensland",Brisbane,Gold Coast Australia,Fiona,"@GoldCoastSUNS Super excited to go to today's game,I've been overseas for 4 weeks,missed the footy so much.See you soon",,,,Event,Sport event,footy,0.743
Gold Coast,"Gold Coast, Queensland",Brisbane,Gold Coast Australia,Lisa Moran,#chongco #thai #restaurant and #bar Omg This Thai restaurant is sooo good #traditional #thai‚Ä¶ https://t.co/buopr98Vmo,,,,Food and Beverage,Restaurant,Chong Co Thai Restaurant and Bar,0.4404
Gold Coast,"Gold Coast, Queensland",,Angoul?™me,Sim's,"#beach #goldcoast #palmtrees #hotel #balcony #australia #city @ Gold Coast, Queensland https://t.co/jfnROyBepa",City,Gold Coast,,,,,0
Gold Coast,"Gold Coast, Queensland",Bangkok,,Rony Septiawan,At Sea World ‚Äî https://t.co/nCeiKcHFDk,Gold Coast,Suburb,Main Beach,Attraction,Manmade,Theme Park,0
Gold Coast,"Gold Coast, Queensland",,"Queensland, Australia",Sarah Leigh,On lunch break and found this cute surf club on the beach to have lunch. Very relaxing for the‚Ä¶ https://t.co/t3ZfBmabsT,Beach,,,Food and Beverage,Restaurant,Surf Club,0.5418
Gold Coast,"Gold Coast, Queensland",Brisbane,"Gold Coast,  Qld,  Australia",Mark Rowbotham,My Arvo @ Miami / North Burleigh Lookout https://t.co/L3ASHDyr9o,Gold Coast,Suburb,Miami,,,,0
Gold Coast,"Gold Coast, Queensland",Brisbane,"Gold Coast, Queensland",B4print,"Brilliant afternoon sunset over the Gold Coast today. 

#goldcoast #broadbeach #igersgoldcoast‚Ä¶ https://t.co/eiQ9QVGDen",Gold Coast,Suburb,Broadbeach,,,,0.2929
Gold Coast,"Gold Coast, Queensland",London,"Melbourne, Australia",Emma Louise Edwards,Keeping fit while in Gold Coast to justify the heart attack chocolate abomination I'm going to scoff at @MaxBrennerAUS #yum,City,Gold Coast,Restaurant,Food and Beverage,Restaurant,Max Brenner,-0.1531
Gold Coast,"Gold Coast, Queensland",,"Adelaide, South Australia",Andrew McGiffert,Morning hotel views #goldcoast #weekendgetaway #beach #surfersparadise @ Surfers Paradise Beach https://t.co/JOluSf0nn5,Gold Coast,Suburb,Surfer Paradise,Accommodation,Hotel and resort,,0.6369
Gold Coast,"Gold Coast, Queensland",Singapore,PH,Jigs Sevilla,"I'm at Surfers Paradise in Surfers Paradise, QLD https://t.co/Zv4IhpRRlQ",,,Surfer Paradise,,,,0.8555
Gold Coast,"Gold Coast, Queensland",Brisbane,Runaway Bay,R Marine Crawley,Sheer class backed up by unrivalled performance! #riviera #6000sy #boat #water #fun #cruising‚Ä¶ https://t.co/IkdftP6pDv,,,,retail,boat dealer,riviera,0.0503
Gold Coast,"Gold Coast, Queensland",Brisbane,Australia,thehouseofernestosva,Beautiful #coolangatta on the #goldcoast #beach I love this place. @ Coolangatta  Beach Gold Coast https://t.co/7axhm1Fbif,Gold Coast,Suburb,Coolangatta,,,,0.4221
Gold Coast,"Gold Coast, Queensland",,Singapore,Liu ShuYuan,"We could be heroes, me and you~ @ Warner Bros. Movie World - Gold Coast, Australia https://t.co/slU8WdigOd",Gold Coast,Suburb,Oxenford,,,,0.5106
Gold Coast,"Gold Coast, Queensland",,,Charlotte,"Gold Coast//surfers paradise ?üá¶?üá∫?üèÑ?üèº @ Surfers Paradise, Gold Coast https://t.co/GzHd4becIz",Gold Coast,Suburb,Surfer Paradise,,,,0.8555
Gold Coast,"Gold Coast, Queensland",London,,Alex J. Barton,"Eggs, coffee, Kobo @ Paris Cafe https://t.co/Kyj05pBAgt",,,,Food and Beverage,Restaurant,Paris CafÈ,0
Gold Coast,"Gold Coast, Queensland",Abu Dhabi,Distant shores,Anne Cortes,Loving GC for sure?üëå?üèΩ#bestspot #goldcoast #burleigh #surfing @ Burleigh Heads Beach https://t.co/Wgjjt2bIaM,Gold Coast,Suburb,Burleigh Heads,,,,0.5994
Gold Coast,"Gold Coast, Queensland",,Australia,Sarah Lovai,#GOODMORNING #ocean @ On The Beach - Palm Beach https://t.co/puoWQyinQm,Gold Coast,Suburb,Palm Beach,,,,0
Gold Coast,"Gold Coast, Queensland",Sydney,"Sydney, Australia",Norms,View from my 8th floor hotel room. Pacific Ocean. @ Broadbeach Beach https://t.co/YS4kvZUbhr,Gold Coast,Suburb,Broadbeach,,,,0
Gold Coast,"Gold Coast, Queensland",International Date Line West,Singapore,¬ßw,"Waiting for departure (@ Gold Coast Airport (OOL) - @gcairport in Bilinga, QLD) https://t.co/O0CGCobvPM",Gold Coast,Suburb,Bilinga,Air Transport,Airport,OOL,0
Gold Coast,"Gold Coast, Queensland",Alaska,JadineLand,e i n j h e L,"arrived earlier ?üõ¨?üá¶?üá∫ (@ Gold Coast in Gold Coast, Queensland) https://t.co/6TwTCfwntY",Gold Coast,,,,,,0
Gold Coast,"Gold Coast, Queensland",Quito,Kuwait-Australia.,M.,"I'm at Starbucks in Surfers Paradise, QLD w/ @danah_alshatti https://t.co/FOhFocmwXZ",Gold Coast,Suburb,Surfer Paradise,Food and Beverage,CafÈ,Starbucks,0.6369
Gold Coast,"Gold Coast, Queensland",Brasilia,,orlando matheus,"I'm at Gold Coast - @cityofgoldcoast in Gold Coast, Queensland https://t.co/0yVAQtSOKk",City,Gold Coast,,,,,0
Gold Coast,"Gold Coast, Queensland",Alaska,Singapore,Michelle Ng ‚ô•,Just posted a photo @ Six Senses Mountain Resort Gold Coast Hinterland https://t.co/yXngQWPWDb,Gold Coast,Suburb,Willowvale,Accommodation,Hotel and Resort,Six Senses Mountain Resort ,0
Gold Coast,"Gold Coast, Queensland",Auckland,online,Ë∂Ö?Ç§?Ç±?É°?É≥?Åß?ÅôÔºÅ,Japanese food again! This time at the Gold Coast ?üèÑ @ Amimoto Japanese Restaurant https://t.co/9t3NT3Y7y2,Gold Coast,Suburb,Surfer Paradise,Food and Beverage,Restaurant,Amimoto Japanese Restaurant,0
Gold Coast,"Gold Coast, Queensland",Brisbane,gold coast,rob treloar,Well went to @harbourtowngc must say what a waste of $$ 20mill n part of new shops r 3 the relocated from other areas only good shop Lindt,,,,retail,shopping centre,harbour town,0.296
Gold Coast,"Gold Coast, Queensland",Sydney,"Queensland, Australia",James Fewtrell,.@originalfrazzel @sanctuarycove @Queensland It was a perfect Summers day! ‚òÄÔ∏è,Gold Coast,Suburb,Sanctuary Cove,,,,0.2038
Gold Coast,"Gold Coast, Queensland",Melbourne,"Torquay, Victoria, Australia",Nancy Alford,#goldcoast #surfersparadise #holiday #wishyouwerehere #iphonepic  #dusk #sunset #lifeguard https://t.co/uvXtMjB6cR,Gold Coast,Suburb,Surfer Paradise,,,,0
Gold Coast,"Gold Coast, Queensland",Brisbane,Lockyer Valley ,Bek,"Let's go Broncos (@ Cbus Super Stadium in Robina, QLD) https://t.co/SNJu89BtTA",Gold Coast,Suburb,Robina,Recreation,Sports and events,Rugby match,0.5994
Gold Coast,"Gold Coast, Queensland",Singapore,Singapore,Kady,"Joker's lair. 
#HCDKdownunder #austrippin @ Warner Bros. Movie World‚Ä¶ https://t.co/RFB7UHeGrS",Gold Coast,Suburb,Oxenford,Attraction,Manmade,Theme Park,0
Gold Coast,"Gold Coast, Queensland",Central Time (US & Canada),Byron Bay,peter brush,Nicky Bomba and his amazing MSO played an incredible show!#melbourneskaorchestra#nightquarter‚Ä¶ https://t.co/fdrkUICEdR,Melbourne,,,Entertainment,Band,Melbourne Ska Orchestra,0.7574
Gold Coast,"Gold Coast, Queensland",Brisbane,The Tardis,The One & Only!,Night out with the girls... ‚ù§Ô∏è #mainbeachgoldcoast #thaieatery #yay #yumyumyum @ Thai Eatery‚Ä¶ https://t.co/uuxXk7k1fa,Gold Coast,Suburb,Main Beach,Food and Beverage,Restaurant,Thai Eatery,0
Gold Coast,"Gold Coast, Queensland",Brasilia,Brasilia,Mr.Evil,"I'm at Gold Coast Airport (OOL) in Bilinga, QLD https://t.co/MthB9dQexx",Gold Coast,Suburb,Bilinga,Air Transport,Airport,OOL,0
Gold Coast,"Gold Coast, Queensland",,"Nobby Beach, QLD 4218",Canvas Espresso,It's friyay! Our favourite! #yesssss #friyay #bestdayever #freakinweekend #canvasespresso @‚Ä¶ https://t.co/GMDNJR1oOZ,Gold Coast,Suburb,Miami,Food and Beverage,CafÈ,Canvas Espresso,0
Gold Coast,"Gold Coast, Queensland",,"Melbourne, Southbank, Kuwait, ",ŸÖÿ™ÿπÿ® ÿßŸÑÿ¨ÿ®ÿßÿ±Ÿ?,"I'm at Surfers Paradise in Surfers Paradise, QLD https://t.co/hGZnRx7qfo",Gold Coast,Suburb,Surfer Paradise,,,,0.8555
Gold Coast,"Gold Coast, Queensland",Kuala Lumpur,Indonesia,Phoebe,"Good Morning from  #goldcoast ?üëã?üèª

#phoebelifediaries #phoebetraveldiaries #travel #travelgram‚Ä¶ https://t.co/XbMew2lg97",City,Gold Coast,,,,,0.4404
Gold Coast,"Gold Coast, Queensland",,?Ç™?Éº?Çπ?Éà?É©?É™?Ç¢?ÉªÊó•Êú¨,‰∏∏Â±±Êúã‰πÖ@?Çπ?É??Ç§?É´?É??É??Éâ,Just posted a photo @ Jupiters Gold Coast https://t.co/RQt9mk09ia,Gold Coast,Suburb,Broadbeach,Recreation,Casino,Jupiters Casino,0
Gold Coast,"Gold Coast, Queensland",Brisbane,Brisbane Australia,dodgypete,"I'm at @HiltonHotels in Surfers Paradise, QLD https://t.co/J33KDJzfyI",Gold Coast,Suburb,Surfer Paradise,Accommodation,Hotel and resort,Hilton Hotel,0.6369
Gold Coast,"Gold Coast, Queensland",Kuala Lumpur,"3.033118,101.586948",Dennis Yin,"The weather here has been super epic!! Perfect for EVERYTHING!! Sports, Leisure, Pleasure...‚Ä¶ https://t.co/hMQTvXrhGp",,,,Recreation,Sports,,0.4385
Gold Coast,"Gold Coast, Queensland",Yakutsk,Brisbane,Megan Anne,"Back to reality. ?ü?ß @ Burleigh Heads, Queensland https://t.co/CNoVy6SPwt",Gold Coast,Suburb,Burleigh Heads,,,,0
Gold Coast,"Gold Coast, Queensland",Brisbane,Burleigh Heads,Terry Tappa Teece,Boys are just warming up @ Rainbow Bay Surf Club on Snapper Rocks https://t.co/1yXbBMeFqu,Gold Coast,Suburb,Coolangatta,Surf Club,Rainbow Bay Surf Club,,0.1531
Gold Coast,"Gold Coast, Queensland",Melbourne,"Melbourne, Australia",BB-8,Good morning Gold Coast @ QT Gold Coast https://t.co/6RVoXKEMO3,Gold Coast,Suburb,Surfer Paradise,Accommodation,Hotel and Resort,QT,0.7531
Gold Coast,"Gold Coast, Queensland",Rome,Malta,Cocco On The Road,Gold coast #ontheroad #mystrangephotos #ineedthis #mylove #photooftheday #instatravel #travel‚Ä¶ https://t.co/HvsOKGM23F,City,Gold Coast,,,,,0
Gold Coast,"Gold Coast, Queensland",,"Bangkok, Thailand",Jay d'Almeida,"I'm at Gold Coast - @cityofgoldcoast in Gold Coast, Queensland https://t.co/eLP0JiDidh",City,Gold Coast,,,,,0
Gold Coast,"Gold Coast, Queensland",Brisbane,"Gold Coast, QLD, Australia",Mark Hindle CFRE,"My Day in Burleigh Heads - Sun, 29 May

‚óè Harvest Moon (https://t.co/bu5cMfpLc5) - 11:37

Powered by Travel Timeline from TripAdvisor",Gold Coast,Suburb,Burleigh Heads,Food and Beverage,Restaurants and bars,Harvest Moon,0
Gold Coast,"Gold Coast, Queensland",Sydney,"Gladstone, QLD Australia ",Maria Gabriela,Sunrise #nofilterneeded ?üòâ @ Q1 Resort and Spa https://t.co/IItlMCQWyq,Gold Coast,Suburb,Surfer Paradise,Accommodation,Hoter and resort,Q1,0
Gold Coast,"Gold Coast, Queensland",Central Time (US & Canada),"Queensland, Australia",Patricia,A perfect Gold Coast winter ?üèÑ @ Snapper Rocks https://t.co/EbqmJHrgGh,Gold Coast,Suburb,Coolangatta,,,,0.5719
Gold Coast,"Gold Coast, Queensland",Caracas,"Brisbane, Australia",Adriana Rehbein,?üíô‚ù§Ô∏è?üëå?üèΩ @ Coolangatta  Beach Gold Coast https://t.co/drQ0vjcdPs,Gold Coast,Suburb,Coolangatta,,,,0
Gold Coast,"Gold Coast, Queensland",Brisbane,"brisbane, aus",Dee-Anne,"?üëå?üèª (@ Hilton Executive Lounge - @hiltononline in Surfers Paradise, QLD w/ @samh004) https://t.co/lbzCqXwpsd",Gold Coast,Suburb,Surfer Paradise,Accommodation,Hotel and resort,Hilton Hotel,0.6369
Gold Coast,"Gold Coast, Queensland",Pacific Time (US & Canada),"Rumathiya,kuwait/Bendigo,Aus",Zahraa ALQatan,"I'm at Avalon Riverfront Apartments in Surfers Paradise, QLD https://t.co/lTiYj87Yzb",Gold Coast,Suburb,Surfer Paradise,Accommodation,Apartments,Avalon Riverfront Apartments,0.6369
Gold Coast,"Gold Coast, Queensland",,"Southport, Gold Coast",Henry Tabuduka,Mount Everest is on my bucket list now!!,Mountain,,Mount Everest,,,,0
Gold Coast,"Gold Coast, Queensland",Brisbane,"Gold Coast, Australia",Me,"Another day in paradise. 
#gosuns #sunsvdemons @ Metricon Stadium,Cararra,Gold Coast. https://t.co/reU7rdRFaL",Gold Coast,Suburb,Carrara,Recreation,Sports and events,AFL Footy match,0.2123
Gold Coast,"Gold Coast, Queensland",Brisbane,"Gold Coast, Australia",Josh Withers,They have all voiced concerns that @Qantas has been losing its premium edge and @VirginAustralia has been gaining it. Time to move?,,,,Transport,airline,Qantas,0.0258
Gold Coast,"Gold Coast, Queensland",Brisbane,"Brisbane, Australia",CalPho,#SurfersParadise was my #favourite #childhood #beach but not anymore because the #bloody‚Ä¶ https://t.co/hNuKvoJCjZ,Gold Coast,Suburb,Surfers Paradise,,,,0
Gold Coast,"Gold Coast, Queensland",Tokyo,‰ª??ÇíÊ•Ω?Åó?ÇÄ?Çπ?Çø?Ç§?É´?ÄÇ,it's me! yukiko!,"ÊúÄÈ´ò?ÅÆ1Êó•?Åô?Å??Åü ?Éè?ÉÉ?Éî?Éº2nd day
#seaworld #goldcoast #‰∏âÂ§ß?ÉÜ?Éº?É??Éë?Éº?ÇØÂà∂Ë¶á #‰∫ã?Åå?Çπ?É†?Éº?Ç∫?Å´?ÅÑ?Åç?Åô?Å? #ÊÉ≥ÂÆ?Â§ñ?ÇÑ?Å£?Åü?ÅÆ?ÅØ #?Çπ?É©?Ç§?ÉÄ?Éº?ÅßÊø°?Çå?Åô?Å??Åü?Åì?Å®?Åê?Çâ?ÅÑ‚Ä¶ https://t.co/qHprdQ6uSm",Gold Coast,,seaworld,entertainment,themepark,seaworld,0
Gold Coast,"Gold Coast, Queensland",,,PoppyLouLoves,Looked like a film! @ Surfers Paradise Beach https://t.co/T4gTbzeOkb,Gold Coast,Suburb,Surfer Paradise,,,,0.5284
Gold Coast,"Gold Coast, Queensland",Sydney,"NSW, Australia",Mr Seras,"Catwoman batman and the joker @ Warner Bros. Movie World - Gold Coast, Australia https://t.co/GnVppWLR2B",Gold Coast,Suburb,Oxenford,Attraction,Manmade,Theme Park,0.128
Gold Coast,"Gold Coast, Queensland",Brisbane,Gold Coast Australia,Vacen Taylor,This morning! Walk/run done! #HappyFriday #GoldCoast #Australia @ Labrador Broadwater https://t.co/FKfetCGcc2,Gold Coast,Suburb,Labrador,Recreation,Sports and activities,Walk/run,0
Gold Coast,"Gold Coast, Queensland",,Surfers Paradise,Pat Fontana,#morning #goldcoastlife #level36 #balcony #resortstyleliving @ Southport Central Tower 3 https://t.co/HlL4UjOjna,Gold Coast,Suburb,Southport,Accommodation,Hotel and Resort,Southport Central Tower,0
Gold Coast,"Gold Coast, Queensland",Bangkok,,Eilien Doho,"Dreamworld, Gold Coast, Australia!

If you only do what you can do, you'll never be better than‚Ä¶ https://t.co/Tkiz6m3cBw",Gold Coast,Suburb,Coomera,Attraction,Manmade,Theme Park,-0.1706
Gold Coast,"Gold Coast, Queensland",Bangkok,chiang mai ,jiffy-jip,"‡∏Ç‡∏≠‡∏™‡∏ß‡∏¢‡∏?‡πâ‡∏≤‡∏á ‡∏î‡∏π‡∏î‡∏µ‡∏?‡πâ‡∏≤‡∏á‡∏ô‡∏∞‡∏∞‡∏∞‡∏∞  #jiffyjipingoldcoast @ Warner Bros. Movie World - Gold Coast, Australia https://t.co/xHrqlo1JsG",Gold Coast,Suburb,Oxenford,Attraction,Manmade,Theme Park,0
Gold Coast,"Gold Coast, Queensland",,Australia,Sarah Lovai,#beautyandthebeast #blackandwhite @ On The Beach - Palm Beach https://t.co/SEO3bvk7Gw,Gold Coast,Suburb,Palm Beach,,,,0
Gold Coast,"Gold Coast, Queensland",,,Razzz,"I'm at Sher-E-Punjab in Surfers Paradise, QLD https://t.co/Nqo8E5BCUS",Gold Coast,Suburb,Surfer Paradise,Food and Beverage,Restaurant,Sher-E-Punjab,0.6369
Gold Coast,"Gold Coast, Queensland",Singapore,,celestin,?ü?¢ @ Dreamworld Australia https://t.co/ECUigELJM7,Gold Coast,Suburb,Coomera,Attraction,Manmade,Theme Park,0
Gold Coast,"Gold Coast, Queensland",Yakutsk,Brisbane,Megan Anne,Precious ?üêØ @ Dreamworld Australia https://t.co/mFSUuZou1M,Gold Coast,Suburb,Coomera,Attraction,Manmade,Theme Park,0.5719
Gold Coast,"Gold Coast, Queensland",,,Craig Fraley,It was so good rawenergycoolangatta I had to come back #thesearch #livethesearch #baconeggroll @‚Ä¶ https://t.co/bo0cB2akrK,Gold Coast,Suburb,Coolangatta,Food and Beverage,CafÈ,Raw Energy Coolangatta,0.5777
Gold Coast,"Gold Coast, Queensland",Brisbane,"Brisbane, Australia",Peter Black,"I'm at Oskars on Burleigh in Burleigh Heads, QLD https://t.co/7r74RI6qKS https://t.co/CqFwrtLGDq",Gold Coast,Suburb,Burleigh Heads,Food and Beverage,Restaurant,Oskars,0
Gold Coast,"Gold Coast, Queensland",,...I know places...,TŒîLI∆©SŒ®Œ†E     2.0,"Washed out skies

6/6

#clouds #cloud #cloudporn  #weather #lookup #sky #skies #skyporn #cloudy‚Ä¶ https://t.co/wEZZbZdoLK",,,,,,,0
Gold Coast,"Gold Coast, Queensland",,"Brisbane, Queensland",Yi Hu,#easter break#beachlifelife @ Coolangatta  Beach Gold Coast https://t.co/4nQM46RHHM,Gold Coast,Suburb,Coolangatta,,,,0
Gold Coast,"Gold Coast, Queensland",Brisbane,Gold Coast Australia,Vacen Taylor,Good morning! Sun's not quite up yet #cardioworkout starts now! #GoldCoast #Australia @ Gold‚Ä¶ https://t.co/bRIzszEYJd,Gold Coast,,,Recreation,Sport,Cardio work out,0.1642
Gold Coast,"Gold Coast, Queensland",,"Golden Beach, Sunshine Coast",Ken Caughlin,Hot Potato Band pn now. @ Surfers Paradise Beach https://t.co/SVfYYtNkOo,Gold Coast,Suburb,Surfer Paradise,Entertainment,Music,Band,0.3185
Gold Coast,"Gold Coast, Queensland",,,Razzz,"The Bruce ! (@ Batwing Spaceshot - @myfunaustralia in Oxenford, QLD) https://t.co/aYz7Vgmt5J",Gold Coast,Suburb,Oxenford,Attraction,Manmade,Theme Park,0
Gold Coast,"Gold Coast, Queensland",Melbourne,"Trinity Beach,  Australia",Comfort Zone Coffin,"Coolangatta at dusk. What do you think?
#coolangattabeach #coolangatta #coolybeach #queensland‚Ä¶ https://t.co/aavwA2rLvo",Gold Coast,Suburb,Coolangatta,,,,0
Gold Coast,"Gold Coast, Queensland",Brisbane,"Burleigh Heads, Australia",Matt Crawford,"Pub lunch #TGIF (@ Varsity Tavern in Varsity Lakes, QLD) https://t.co/AawMC9rdKi https://t.co/yZiOXVo0Zx",Gold Coast,Suburb,Varsity Lakes,Food and Beverage,Restaurants and bars,Tavern,0
Gold Coast,"Gold Coast, Queensland",,Australia,Glenn Hunt,#SpaceCowboy #StreetPerformer #SurfersParadise #GoldCoast #StreetPhotography‚Ä¶ https://t.co/bk0z5UV956,Gold Coast,Suburb,Surfer Paradise,entertainment,Street performances,,0
Gold Coast,"Gold Coast, Queensland",Kuala Lumpur,"Msia, Brunei & Sgpore",OFFICIAL ZTF,Yeah we're at Movie World!! @zizanrajalawak #liveupdate #goldcoastbersamaZizanRazak‚Ä¶ https://t.co/HYbfVIcV2n,Gold Coast,Suburb,Oxenford,Attraction,Manmade,Theme Park,0.2092
Gold Coast,"Gold Coast, Queensland",Brisbane,Wild about Sharon,Don Christie,Awesome beach view @ Kirra Beach https://t.co/9uWb6MopPm,Gold Coast,Suburb,Kirra,,,,0.6249
Gold Coast,"Gold Coast, Queensland",,Sydney,neal.percival,"#wategosbeach #wategos #blueskys #ocean #bodyboarding #splash #gopro #hero4 @ Wategos Beach,‚Ä¶ https://t.co/tUBchXJ79T",Byron Bay,Cape Byron State Conservation Area,Beach,Recreation,Water based sport,Body boarding,0
Gold Coast,"Gold Coast, Queensland",Yakutsk,"Gold Coast, Australia",Alisha Love,I'm so grateful to live so close to the ocean ?üå? Not looking forward to winter approaching and‚Ä¶ https://t.co/FShScimyk8,,,,,,,0.5095
Gold Coast,"Gold Coast, Queensland",Beijing,,Aidil,Just posted a photo @ Surfers Paradise Beach https://t.co/ssI3jkKKEJ,Gold Coast,Suburb,Surfer Paradise,Natural attraction,Beach,,0.6369
Gold Coast,"Gold Coast, Queensland",Brisbane, Australia,Bevin Rijkaart,The view of Talebudgera before the sun comes up. #Talebudgera #goldcoast #burleigh https://t.co/rae9rfmr2E,Gold Coast,Suburb,Talebudgera,,,,0
Gold Coast,"Gold Coast, Queensland",Brisbane,Brisbane,Stephanie Smail,Dream run to Byron from Brisbane so far! #bluesfest2016,Byron Bay,,,Entertainment,Music festival,bluesfest2016,0.1582
Gold Coast,"Gold Coast, Queensland",Brisbane,"Gold Coast, Australia",Josh Withers,"@chrisedwards_au I've always flown #qantas for weddings because of their reliability but this week I've had a cancelled flight, and now this",,,,Transport,airline,Qantas,-0.3612
Gold Coast,"Gold Coast, Queensland",Canberra,"Broadbeach, Gold Coast",Giant Chemist PF,What a fabulous spot for Lunch next to the canal at Pacific Fair. @ Pacific Fair Shopping Centre https://t.co/26VbLY8FfI,Gold Coast,Suburb,Broadbeach,Attraction,Manmade,Shopping Centre,0.5045
Gold Coast,"Gold Coast, Queensland",Kuala Lumpur,"Gold Coast, Queensland",Keith WJ Fung ‚ó¢‚ó§,"I'm at Warner Bros. @MovieWorldAus in Oxenford, QLD https://t.co/DSjclGH1G4",Gold Coast,Suburb,Oxenford,Attraction,Manmade,Theme Park,0
Gold Coast,"Gold Coast, Queensland",Brasilia,,orlando matheus,"At home (@ View Pacific Apartments in Surfers Paradise, QLD) https://t.co/Rxr9oR9KWo",Gold Coast,Suburb,Surfer Paradise,Accommodation,Apartment,View Pacific Apartments,0.6369
Gold Coast,"Gold Coast, Queensland",Brisbane,,Anatole Navarro,Happy Anzac day.. @ Kirra Lookout- Steel Eagle https://t.co/jOgctQw8I6,,,Kirra lookout,,,,0.5719
Gold Coast,"Gold Coast, Queensland",Melbourne,Australia,Antler Luggage Aust,Room with a view. #surfersparadise #beach #holiday #queensland #australia #easter #longweekend @‚Ä¶ https://t.co/Q44xV01xPv,Gold Coast,Suburb,Surfer Paradise,Accommodation,Hotel and resort,Room,0
Gold Coast,"Gold Coast, Queensland",Melbourne,Melbourne,Pierce Brothers,"Day #4 of @thecatempire Aus Tour
Gold Coast was epic!
p&amp;j x
?üì∑ Michaela Bedel https://t.co/pYLbCXp8m8",Gold Coast,,,Entertainment,music,the cat empire aus tour,0
Gold Coast,"Gold Coast, Queensland",,"Sydney, New South Wales",Rob Harris,Thank you to the wonderful customer service person @JetstarAirways #sydney for getting me on an earlier flight today 2 the GC. Appreciated,Gold Coast,,,Airtransport,Airline,Jetstar Airways,0.6229
Gold Coast,"Gold Coast, Queensland",Baghdad,Brisbane | Australia,Sarah AlShatti,"I'm at Classic India in Surfers Paradise, QLD w/ @danah_alshatti https://t.co/VsqJ09dz9l",Gold Coast,Suburb,Surfer Paradise,Food and Beverage,Restaurant,Classic India,0.6369
Gold Coast,"Gold Coast, Queensland",London,The Gold Coast,Jason Froman,richardjkershaw @soumahwines dinner with the family at the local Thai @ Hope Island Resort Marina https://t.co/Hm0AmqxMPt,Gold Coast,Suburb,Hope Island,Accommodation,Hotel and resort,Hope Island Resort Marina,0.4404
Gold Coast,"Gold Coast, Queensland",Belgrade,,Klara Spilkova,Mystical australian nature ?üòç?üá¶?üá∫?üëÄ?üôè #australia #GoldCoast #rainforest #spirit ?üôè https://t.co/TLquNJ0TJ8,Gold Coast,Rainforest,,,,,0
Gold Coast,"Gold Coast, Queensland",Eastern Time (US & Canada),"Queensland, Australia",Cafrin,Last day in stralia got me feelin all sorts of feels ?üò?,Australia,,,,,,0
Gold Coast,"Gold Coast, Queensland",Alaska,,Ê¥ÅÊïè ‚õÑÔ∏è,"I'm at Surfers Paradise Beach in Surfers Paradise, QLD https://t.co/v5Nd50ppBj",Gold Coast,Suburb,Surfer Paradise,,,,0.8555
Gold Coast,"Gold Coast, Queensland",Sydney,somewhere in the universe,joshua adriel,"It's the Meter Maids!
#surfersparadise #metermaids #goldcoast #weekendaway #escape @ Surfers‚Ä¶ https://t.co/TbylVVFwDw",Gold Coast,Suburb,Surfer Paradise,,,,0
Gold Coast,"Gold Coast, Queensland",,,Anne Carlin,.@JetstarAirways I am trying to make a booking Gold Coast to Sydney with added bundle. I can't input my FF number so can't complete booking.,,,,Air Transport,Airline,Jetstar Airways,-0.1255
Gold Coast,"Gold Coast, Queensland",Brisbane,"Queensland, Australia",Global Village,On the Gold Coast for a meeting... just checking that the ocean is still there ?üò? #StartUp #GoldCoast #LunchBreak https://t.co/hHygV0eKUH,Gold Coast,,,,,,0
Gold Coast,"Gold Coast, Queensland",,Surfers Paradise,Pat Fontana,"#sunset #goldcoastlife #level36 #balcony #resortliving #endlessummer @ Gold Coast, Queensland https://t.co/BGlrrsMrYB",Gold Coast,,,Accommodation,Hotel and resort,Level 36,0
Gold Coast,"Gold Coast, Queensland",,Australia ,Cindy,#Goldcoast .....!!!!!  Woohoo!!! ?üò??üå??üçπ?üëô?üëí?üè??üèÑ https://t.co/cMgWYT2P95,Gold Coast,,,,,,0.2114
Gold Coast,"Gold Coast, Queensland",Sydney,Australia,Moetmoed,Jalan jalan (at Surfers Paradise) ‚Äî https://t.co/vccxbUbkpR,Gold Coast,Suburb,Surfer Paradise,,,,0
Gold Coast,"Gold Coast, Queensland",,Singapore,Mary Ann,TBT w/ my bessies in Aus?üá≥?üáø ?üòú #tbt #traveldownunder @ Coolangatta  Beach Gold Coast https://t.co/BtSULD8Aty,Gold Coast,Suburb,Coolangatta,,,,0
Gold Coast,"Gold Coast, Queensland",Canberra,Bangalore / Sydney,Sathwick,#BoomBoom burger | one of the #vegetarian option is named #LittleGreenPeople | #ChevronIsland @VisitGoldCoast | day4 https://t.co/VdK1EszWQH,Gold Coast,Suburb,Chevron Island,Food and Beverage,Restaurant,Boom Boom Burger,0
Gold Coast,"Gold Coast, Queensland",Hawaii,ÿßŸÑŸÉŸàŸ?ÿ™ | australia ,UM IL6EEB (TEE)‚ôå,"I'm at Surfers Paradise Beach in Surfers Paradise, QLD https://t.co/s7C8K1Qo8J",Gold Coast,Suburb,Surfer Paradise,,,,0.8555
Gold Coast,"Gold Coast, Queensland",Brisbane,The Tardis,The One & Only!,"Mmmmmmm.... I've missed you favourite mug! #tea @ Gold Coast, Queensland https://t.co/WlbHZYSPAX",Gold Coast,,,,,,-0.1198
Gold Coast,"Gold Coast, Queensland",Singapore,,Karen,Humpback! #whalewatching #KarenTravels #7thTripFor2016  #GoldCoast @ The Pacific Ocean https://t.co/XWwanyOqVt,Gold Coast,Ocean,The Pacific Ocean,Recreation,Water based activity,Whale watching,0
Gold Coast,"Gold Coast, Queensland",Canberra,"Gold Coast, AUS",Damo Cox,I like Sunday's ?üò??üå¥‚òÄÔ∏è @ Kirra Beach QLD https://t.co/GXYZE5ABOf,,,kirra beach,,,,0.3612
Gold Coast,"Gold Coast, Queensland",Santiago,"Gold Coast, Queensland",Camille Klein,?üí??üåç?üê??üê† @ Broadbeach Beach https://t.co/bqwT17RW7G,broadbeach,,,,,,0
Gold Coast,"Gold Coast, Queensland",,gold coast ,dean johnson,Beautiful rainbow lorikeet's all lined up #lorikeets #rainbow #GoldCoast #birds https://t.co/BU8RpoKdhQ,City,Gold Coast,,,,,0.5994
Gold Coast,"Gold Coast, Queensland",Sydney, Australia,Glen Anderson,"Awesome sunrise yesterday, Gold Coast - Australia.  #stormhour @StormHour  @Queensland @Australia @Earth_Pics https://t.co/zbIaJ2fpxc",City,Gold Coast,,,,,0.3125
Gold Coast,"Gold Coast, Queensland",Canberra,"Canberra, Australia",Jason Borton,Awesome holiday fun at Wet N Wild. @ Wet'n'Wild Gold Coast https://t.co/PGN9kvU8y5,Gold Coast,Suburb,Oxenford,Attraction,Manmade,Theme Park,0.439
Gold Coast,"Gold Coast, Queensland",,"Gold Coast, Queensland, AU",Danila Thomas,There is nothing like Australia - ?Ω?æ?≤—ã?π —Å?ª?æ?≥?∞?Ω —Ç—É—Ä?∏?∑?º?∞ ?ê?≤—Å—Ç—Ä?∞?ª?∏?∏,Country,Australia,,,,,-0.2755
Gold Coast,"Gold Coast, Queensland",,"gold coast,australia",Karmela Umadhay,Mood weather ?üåß‚õÖÔ∏è?üåà #monday #goldcoast #varsitylakes #rain #sunny‚Ä¶ https://t.co/vED8cDwR4z,Gold Coast,,varsity lakes,,,,0
Gold Coast,"Gold Coast, Queensland",Brisbane,"Gold Coast, Australia",Nick Hortovanyi,"#dusk red glow on the #horizon #goldcoast @ Surfers Paradise, Queensland https://t.co/itVRN5vy7f",Gold Coast,Suburb,Surfer Paradise,,,,0.6369
Gold Coast,"Gold Coast, Queensland",,Sydney Australia ,LFC Aussie (Graham),Extremely disappointed @Dreamworld_AU that tiger island is closed after adjusting our trip to see it. Website should be more informative,Gold Coast,Suburb,Coomera,Attraction,Manmade,Theme Park,-0.2628
Gold Coast,"Gold Coast, Queensland",London,,+-,"Sunday morning, on the beach #GoldCoast https://t.co/e9y0cDiY7g",Gold Coast,Beach,,,,,0
Gold Coast,"Gold Coast, Queensland",Sydney,"NSW, Australia",Mr Seras,Pic from last night at Draculas haunted house @ Draculas Haunted House https://t.co/5EhUFtNY6M,Gold Coast,Suburb,Surfer Paradise,Entertainment,Dracula's Haunted House,,-0.7351
Gold Coast,"Gold Coast, Queensland",Melbourne,"Melbourne, Australia",Madeline Meates,"Got even more wetter and wilder than expected ‚õà?üí¶ ?üèÑ?üèΩ @ Wet N Wild Water World, Gold Coast https://t.co/XxpvKvY1zA",Gold Coast,Suburb,Oxenford,Attraction,Manmade,Theme Park,0
Gold Coast,"Gold Coast, Queensland",Singapore,Singapore,waihong,"I licking ..... popsicles ?üá¶?üá∫ #munkkyinAussie #aussiekakis @ Dreamworld, Gold Coast https://t.co/lO7eZq09W6",Gold Coast,Suburb,Oxenford,Recreation,Themepark and entertainment,Dreamworld,0
Gold Coast,"Gold Coast, Queensland",Singapore,,Karen,Found a little quiet corner for lunch. Fish and Chips with a view.‚Ä¶ https://t.co/M10U3kLLBX,,,,,,,0
Gold Coast,"Gold Coast, Queensland",Singapore,"London, England",Aniq Iskandar,Yesterday's trip to Sea World! https://t.co/8wN3TRL278,Gold Coast,Suburb,Main Beach,Recreation,Themepark and entertainment,Sea World,0
Gold Coast,"Gold Coast, Queensland",Osaka,"Gold Coast, Australia",?Åó?ÇÖ?Çì‚òÜ,"The Man Who Knew Infinity (@ Reading Cinemas - @readingau in Biggera Waters, QLD) https://t.co/6O82MiwhgG",biggera water,,,entertainment,cinema,Reading cinemas,0
Gold Coast,"Gold Coast, Queensland",Brisbane,"Brisbane, Australia ",‚ï∞‚òÜRoari‚òÜChristie‚òÜ‚ïÆ,"A night filled with music, lights, good food and fast rollercoasters @ Warner Bros. Movie World‚Ä¶ https://t.co/ulwdrlOVGy",Gold Coast,Suburb,Oxenford,Recreation,Themepark and entertainment,Movie World,0.4404
Gold Coast,"Gold Coast, Queensland",Beijing,#VisitSunshineCoast,Cory G,"My favourite time in the tourism calendar. #ATE16 @VisitGoldCoast, you've been grand! ‚òÄÔ∏è?üë? https://t.co/m3FOn6dFOb",Gold Coast,,,,,,0.1698
Gold Coast,"Gold Coast, Queensland",Quito,"Brisbane, Queensland",Rawan Aljasmi,".@asoul95 (at @VapianoOz in Surfers Paradise, QLD w/ @ghaliahalf) https://t.co/7TIC9ZZIvK",Gold Coast,Suburb,Surfer Paradise,Food and Beverage,Restaurant,Vapiano,0.3185
Gold Coast,"Gold Coast, Queensland",Beijing,ig; hxn.ni,hanni,"?üò¥ (@ Gold Coast Airport (OOL) - @gcairport in Bilinga, QLD) https://t.co/9oCaqG8coL",Gold Coast,Suburb,Bilinga,Air Transport,Airport,OOL,0
Gold Coast,"Gold Coast, Queensland",Alaska,"Makati City, Philippines",Sea Princess,Ready to hit the crazy rides at #dreamworld #goldcoast #family fun Missing Ty on the rides !!‚Ä¶ https://t.co/Fz95Ztxr0j,Gold Coast,Suburb,Oxenford,Recreation,Themepark and entertainment,Dreamworld,0.312
Gold Coast,"Gold Coast, Queensland",London,cornwall and australia ,Kiera,Friday night got me like.. #espressomartini #cocktail #goldcoast #home #Australia #wanderlust #travel https://t.co/grW71hPfRN,Gold Coast,,,,,,0
Gold Coast,"Gold Coast, Queensland",Bangkok,"Queensland, Australia",Food Fun Travel,Ohhhh - flying into the Gold Coast is pretty! @TigerairAU #visitgoldcoast #thisisqueensland https://t.co/laZyx9qv5L,Gold Coast,,,,,,0.2706
Gold Coast,"Gold Coast, Queensland",Brisbane,"Burleigh Heads, Gold Coast",Daniel Long,Just a reminder that there is so much more to life . ?üòú @ Tallebudgera Beach https://t.co/m10nF29vJD,Gold Coast,Suburb,Palm Beach,,,,0
Gold Coast,"Gold Coast, Queensland",,,Ian Starr,?üíì?üíì?üíì?üíì #ebgames #harbourtown @ Harbour Town Gold Coast https://t.co/bVdxSr7cEy,Gold Coast,,,retail,shopping centre,harbour town,0
Gold Coast,"Gold Coast, Queensland",Brisbane,"Gold Coast, QLD, AUS",Louise Fernance,"I'm at Reading Cinemas Gold Class in Biggera Waters, QLD https://t.co/uOqEkcFRzO",Gold Coast,Suburb,Biggera Waters,Entertainment,Cinema,Reading Cinemas,0
Gold Coast,"Gold Coast, Queensland",Singapore,Hougang ,Rishi Kannan,Day one in paradise! #goldcoast @ Surfers Paradise Beach https://t.co/wsXFWKRTFb,Gold Coast,Suburb,Surfer Paradise,,,,0.6532
Gold Coast,"Gold Coast, Queensland",Singapore,,Dyla'Adilah,"Beautiful place ?üò? i would love to visit Gold Coast again ‚õµÔ∏è?üèñ‚úàÔ∏è

#goldcoast #sailing #Australia #photography https://t.co/T0Fl0zWZZs",City,Gold Coast,,Recreation,Water based activity,Sailing,0.8442
Gold Coast,"Gold Coast, Queensland",Singapore,"London, England",Aniq Iskandar,Bikini Bottom in Sea World!!! ?üòÅ https://t.co/hoM034s0sJ,Gold Coast,Suburb,Main Beach,Attraction,Manmade,Theme Park,0
Gold Coast,"Gold Coast, Queensland",Sydney,"NSW, Australia ",Nick,"Catching up with a friend! (@ Neptune Resort in Broadbeach, QLD) https://t.co/YfyZvWTBRZ",Gold Coast,Suburb,Broadbeach,Accommodation,Hotel and resort,Neptune Resort,0.2706
Gold Coast,"Gold Coast, Queensland",Solomon Is.,Kuwait | Australia ,ÿßŸÑŸÜŸÅŸàÿØ ÿßŸÑÿ¥ŸÖÿ±Ÿ?,"#ÿ≥ŸÜŸ?ÿßÿ± (@ RACV Royal Pines Resort in Benowa, QLD w/ @fatemaashour) https://t.co/OfXjRzz4SP",Gold Coast,Suburb,Benowa,Accommodation,Hotel and resort,RACV Royal Pines Resort,0
Gold Coast,"Gold Coast, Queensland",,Syd‚ô°- QLD   ,NA‚ô°..,"I'm at Starbucks in Surfers Paradise, QLD https://t.co/qj8C6yIHAz",Gold Coast,Suburb,Surfer Paradise,Food and Beverage,CafÈ,Starbucks,0.6369
Gold Coast,"Gold Coast, Queensland",Brisbane,Australia,Tropic Fox One,"My home, Southern Gold Coast, Queensland Australia. #beauty #beach https://t.co/LHE5tYqOVt",Gold Coast,Southern area,Beach,,,,0
Gold Coast,"Gold Coast, Queensland",Alaska,"Gold Coast, Queensland",Sharlene Gem Paredes,Hella fun! #downunder #oz #goldcoast #wetnwild @ Wet'n'Wild Gold Coast https://t.co/3RdyGaExQA,Gold Coast,Suburb,Oxenford,Attraction,Manmade,Theme Park,0.2987
Gold Coast,"Gold Coast, Queensland",Hawaii,,Billy Bentley,Stoked to be back with the gang for a big game of footy metriconstadium! @goldcoastsuns Sunny‚Ä¶ https://t.co/8PTfqPTCPw,Gold Coast,Suburb,Carrara,Recreation,Sports and events,AFL footy match,0
Gold Coast,"Gold Coast, Queensland",,,Kayo,"?üåÉ#goodbye#hiltonhotel
I'm going to move to new house tomorrow
?Éë?ÉÉ?Ç≠?É≥?Ç∞?ÇÇÊ?ÉÈô§?ÇÇ‰Ωï?ÇÇ?Åó?Å¶?Å™?ÅÑ?üòìÂØù?Çå?Çã?Åã?Å™?üòì @ Surfers‚Ä¶ https://t.co/LAMZAAbDtC",Gold Coast,Suburb,Surfer Paradise,Accommodation,Hotel and resort,Hilton Hotel,0
Gold Coast,"Gold Coast, Queensland",,"Cambridge, Ontario",Maggie Schippling,LOVE IT HERE! @ Broadbeach Beach https://t.co/DtoHGzZ44T,Gold Coast,Suburb,Broadbeach,,,,0.3348
Gold Coast,"Gold Coast, Queensland",Brisbane,"Gold Coast, Australia",Surf FX,"Leftovers @ One the Esplanade Apartment Surfers Paradise, Gold Coast, Australia https://t.co/P0u0iT6XBx",Gold Coast,Suburb,Surfer Paradise,Accommodation,Apartments,The Esplanade Apartments,0.6369
Gold Coast,"Gold Coast, Queensland",Sydney,"Port Macquarie, NSW, Australia",Prem Rashid,Wonderful sunrise! The weather has been great for this meeting #usanz16 @USANZUrology  https://t.co/hBZD4bof5f,,,,,,,0.6181
Gold Coast,"Gold Coast, Queensland",Brasilia,,orlando matheus,"I'm at Burleigh Heads in Burleigh Heads, QLD https://t.co/CAOtE4zUl7 https://t.co/QUeQBkRZwc",Gold Coast,Suburb,Burleigh Heads,,,,0
Gold Coast,"Gold Coast, Queensland",,Berlin,Marco Effe,"Gold Coast
#coolangatta #australia 
?üá¶?üá∫ @ Gold Coast, Queensland https://t.co/PrBrOPjjXX",Gold Coast,Suburb,Coolangatta,,,,0
Gold Coast,"Gold Coast, Queensland",,,Terry Zarsoff,.@BPeut @Ron_Boll @fatzgorrie I can't wait to watch Old Ennis Baggy run in the Gold Coast Marathon ?üèÉ?üèÉ?üèÉ?üò°?üò°?üò°?üò°,City,Gold Coast,,Recreation,Sports and events,Gold Coast Marathon,0
Gold Coast,"Gold Coast, Queensland",Brasilia,,orlando matheus,"I'm at Surfers Paradise in Surfers Paradise, QLD https://t.co/mC2DicQ5UK",Gold Coast,Suburb,Surfer Paradise,,,,0.8555
Gold Coast,"Gold Coast, Queensland",Kuala Lumpur,Shah Alam,Rezza,"I'm at Surfers Paradise Beach in Surfers Paradise, QLD https://t.co/wo4MdYOxeB",Gold Coast,Suburb,Surfers Paradise,,,,0.8555
Gold Coast,"Gold Coast, Queensland",Brisbane,"Gold Coast, Queensland",Danah Alshatti,"I'm at @VapianoOz in Surfers Paradise, QLD https://t.co/03D78sRKcu",Gold Coast,Suburb,Surfers Paradise,Food and Beverage,Restaurant,Vapiano,0.6369
Gold Coast,"Gold Coast, Queensland",Brasilia,,orlando matheus,"I'm at Mermaid Beach in Mermaid Beach, QLD https://t.co/vwNZ9bXiep",Gold Coast,Suburb,Mermaid Beach,,,,0
Gold Coast,"Gold Coast, Queensland",,Brisbane,Michele Muscillo,#kitestyle @ Palm Beach Gold Coast https://t.co/JBfaHh7jRm,Gold Coast,Suburb,Palm Beach,Recreation,Kite,,0
Gold Coast,"Gold Coast, Queensland",Brisbane,Australia,Claudia Bianchi,"Happy days are beach days. Yesterday Burleigh Heads was looking mighty fine! 

 #beach‚Ä¶ https://t.co/C680Svlv8V",Gold Coast,Suburb,Burleigh Heads,,,,0.2811
Gold Coast,"Gold Coast, Queensland",,Australia,Momoka.,"Last nite.?üåô
#aus#gc#shisha#shishabar#yolo @ Surfers Paradise Queensland Gold Coast https://t.co/bPGc9XVbn9",Gold Coast,Suburb,Surfers Paradise,Food and Beverage,Bar,Shisha Bar,0.6369
Gold Coast,"Gold Coast, Queensland",Sydney,"NSW, Australia ",Nick,"I'm at NSW/QLD State Border in Tugun, QLD https://t.co/vb32n5HN0U",Gold Coast,NSW7QLD State Border,Suburb,,,,0
Gold Coast,"Gold Coast, Queensland",,world,Worlding the World,"Hello again from Surfers Paradise!! We are still here after one week, maybe for one week more..‚Ä¶ https://t.co/LNzmhiHlDO",Gold Coast,Suburb,Surfers Paradise,,,,0.3494
Gold Coast,"Gold Coast, Queensland",Amsterdam,"Viborg, Denmark",Neil G Bautista,"I'm at Meriton Serviced Apartments in Broadbeach, QLD https://t.co/toPhJkWdS6",Gold Coast,Suburb,Broadbeach,Accommodation,Apartments,Meriton Serviced Apartmentes,0
Gold Coast,"Gold Coast, Queensland",Brisbane,Brisbane Gold Coast Australia,Liz Cantor,Snapper today @ryanlysaught got the shot ?üì∏ #GoPro #goproanz #happyplace #sweetdreams ?üí§ @ Snapper‚Ä¶ https://t.co/q7xp8mQbWD,Gold Coast,Suburb,Coolangatta,Recreation,Photography,Brand,0
Gold Coast,"Gold Coast, Queensland",Kuala Lumpur,"Sydney, New South Wales",Aina,"Day 3 Wet n Wild Theme Park
Can I just stay here with you guys ?üò¢ @‚Ä¶ https://t.co/BMOLcqT6qv",Gold Coast,Suburb,Oxenford,Attraction,Manmade,Theme Park,0
Gold Coast,"Gold Coast, Queensland",,"Gold Coast, Queensland",Ryan Elliott,On my run this evening! #GoldCoast #Australia https://t.co/9dx2VVDwKe,City,Gold Coast,,Recreation,Sports,Run,0
Gold Coast,"Gold Coast, Queensland",Singapore,,celestin,?ü?¢ @ Dreamworld Australia https://t.co/KinVy28Ady,Gold Coast,Suburb,Coomera,Attraction,Manmade,Theme Park,0
Gold Coast,"Gold Coast, Queensland",Australia/Sydney,"Newcastle, NSW, Australia",Derek van Braam,"Planning out what to do today (@ Mariner Shores Beachclub And Resort in Miami, QLD) https://t.co/BrW0VD64MI",Gold Coast,Suburb,Miami,Accommodation,Hotel and resort,Mariner Shores Beachclubs and Resorts,0
Gold Coast,"Gold Coast, Queensland",Melbourne,"Melbourne, Victoria",CHX,My view at my hotel room at beachcomber‚ù§Ô∏è #goldcoast #surfersparadise @ Beachcomber Hotel https://t.co/qw7IgVUaxU,Gold Coast,Suburb,Surfer Paradise,Accommodation,Hotel and resort,Beachcomber Hotel,0
Gold Coast,"Gold Coast, Queensland",Beijing,,fauzi daez,"No diggidy, no diggy-doubt.. ?üòù?üò??üåÖ?üåÖ?üåÖ #throwback @ Surfers Paradise Beach https://t.co/zVoBDPmjp8",Gold Coast,Suburb,Surfer Paradise,,,,0.2023
Gold Coast,"Gold Coast, Queensland",Melbourne,"Brisbane, Australia",Katie,#Bluesfest beverages....great service and tasty drinks at the theloosemoose @ Blues on Broadbeach https://t.co/CvEW7G695C,Gold Coast,Suburb,Broadbeach,Entertainment,Music Festival,BluesFest,0
Gold Coast,"Gold Coast, Queensland",Brisbane,"brisbane, aus",Dee-Anne,"Ramen night? (@ Aloha Bar &amp; Dining in Broadbeach, Qld) https://t.co/O1huDN8JgG",Gold Coast,Suburb,Broadbeach,Food and Beverage,Restaurant,Aloha Bar and Dining,0
Gold Coast,"Gold Coast, Queensland",Singapore,Singapore,DASH,Goldcoast is too small that we kept bumping into those malay fams that took the airplane tgt with us. ?üòÇ,City,Gold Coast,,Transport,Air transport ,Airplane,0
Gold Coast,"Gold Coast, Queensland",Wellington,"Ruby Bay, Tasman.",David Scott,The old and the new... Ozzie blue. @ Currumbin Beach https://t.co/Rrnlw73Bvp,Gold Coast,Suburb,Currumbin,,,,0
Gold Coast,"Gold Coast, Queensland",Sydney,"Sydney, Australia",Norms,View SouthWest to the hills behind Broadbeach. @ Broadbeach Beach https://t.co/K0p4Vsm9Rc,Gold Coast,Suburb,Broadbeach,,,,0
Gold Coast,"Gold Coast, Queensland",Singapore,,Abby Mariel Dignos,Off to Surfer's Paradise! #lonetraveller,Gold Coast,Suburb,Surfer Paradise,Tourism,Solo traveller,,0.3348
Gold Coast,"Gold Coast, Queensland",Sydney,Western Sydney,morrisshort,Shapes @ Peppers Broadbeach https://t.co/f0kHK7bowY,Gold Coast,Suburb,Broadbeach,Accommodation,Hotel and resort,Peppers Broadbeach,0
Gold Coast,"Gold Coast, Queensland",Brisbane,"Gold Coast, Queensland",The Spawny 13,"Love this view at lunch. Shame to have go back to work... @ Tugun Beach, Gold Coast https://t.co/5pT9j295tf",Gold Coast,Suburb,Tugun,Food and Beverage,Lunch,,0.0801
Gold Coast,"Gold Coast, Queensland",Hong Kong,Philippines,Rafael Ayala,#nofilterneeded @ Hope Island Resort - Gracemere Estate https://t.co/O9PUdktkXk,Gold Coast,Suburb,Hope Island,Accommodation,Hotel and resort,Hope Island Resort,0.4404
Gold Coast,"Gold Coast, Queensland",,Gold Coast/Brisbane,Always Wicked Art,"Lunch with these beautiful ladies at Cafe Republic, Benowa. Delicious pale I food with lots of‚Ä¶ https://t.co/8SBdF7Sc6L",Gold Coast,Suburb,Benowa,Food and Beverage,CafÈ,CafÈ Republic,0.5857
Gold Coast,"Gold Coast, Queensland",Jakarta,"Jakarta , Indonesia",Kartika Dewi,"Wish I could be with my sister @sandradewi88 more often ?üëØ
#sisterlove #sister @ SkyPoint Australia https://t.co/UEIKudf3jR",Gold Coast,Suburb,Surfer Paradise,Highrise building,Observation deck,Sky Point,0.4019
Gold Coast,"Gold Coast, Queensland",Hawaii,,alex buechler,Security keepin' an eye out for American mischief #doubleparked ?üçª @ Metricon Stadium AFL https://t.co/h26T0o6vv3,Gold Coast,Suburb,Carrara,Recreation,Sports and events,AFL match,-0.0258
Gold Coast,"Gold Coast, Queensland",,,Kayo,"?üõ•#cruising#bbq#party
È≠??ÅåÈá£?Çå?Å≠?ÅàÔºÅÊòºÈ£Ø?Åå?Å≠?ÅàÔºÅ @ Gold Coast, Queensland https://t.co/Vj7oyizhWk",Gold Coast,,,Recreation,Water based activity,Cruising,0
Gold Coast,"Gold Coast, Queensland",Greenland,"Gold Coast, Queensland",Jan Hutton,You can't stop a good thing! The sharing economy simply scales better. #Airbnb will overtake traditional accomm too  https://t.co/3LPAwaXXwd,,,,Accommodation,Online marketplace,Airbnb,0.162
Gold Coast,"Gold Coast, Queensland",Brisbane,gold coast queensland,cynthia dammerer,Good luck with the new venture AMTMarine only on the Gold Coast could you have an outdoor marina‚Ä¶ https://t.co/y2TPuGxOP7,Gold Coast,Suburb,Main Beach,Recreation,Water based activity,Luxury boats,0.7096
Gold Coast,"Gold Coast, Queensland",,"Gold Coast, Queensland",michael.calvert@,Taken one year apart. The little man loves this place. @ Currumbin Wildlife Sanctuary https://t.co/b678JPhVGF,Gold Coast,Suburb,Currumbin,Attraction,Manmade,Theme Park,0.1767
Gold Coast,"Gold Coast, Queensland",,"Melbourne, Victoria",Jake Waterworth,Gold Coast done. Next stop Sydney ‚úàÔ∏è‚òÄÔ∏è,City,Gold Coast,,,,,-0.148
Gold Coast,"Gold Coast, Queensland",Brisbane,"Gold Coast, Australia",Surf FX,"Nothing @ One the Esplanade Apartment Surfers Paradise, Gold Coast, Australia https://t.co/A5GRTFszzH",Gold Coast,surfers paradise,,Accommodation,apartment,Esplanade Apartment,0.6369
Gold Coast,"Gold Coast, Queensland",,,Kieran Sherratt,Gold Coast Wet n Wild is unreal,Gold Coast,Suburb,Oxenford,Attraction,Manmade,Theme Park,0
Gold Coast,"Gold Coast, Queensland",Pacific Time (US & Canada),"sydney, NSW, Australia",AdventureForAlan,#surfing @ Surfers Paradise Beach https://t.co/Q5scUAbwpE,Gold Coast,Suburb,Surfer Paradise,Recreation,Water based sport,Surf,0.6369
Gold Coast,"Gold Coast, Queensland",,"Toowoomba, Queensland",wise MFR,"I'm at Max Brenner Chocolate Bar - @maxbrenneraus in Surfers Paradise, Queensland https://t.co/m164OV5zEK",Gold Coast,Suburb,Surfer Paradise,Food and Beverage,Restaurant,Max Brenner Chocolate Bar,0.6369
Gold Coast,"Gold Coast, Queensland",,...I know places...,TŒîLI∆©SŒ®Œ†E     2.0,"Washed out skies

6/6

#clouds #cloud #cloudporn  #weather #lookup #sky #skies #skyporn #cloudy‚Ä¶ https://t.co/wEZZbZdoLK",,,,,,,0
Gold Coast,"Gold Coast, Queensland",London,Salford,Micheal Mathews,This is some serious fruit salad! @ Cafe dbar https://t.co/DysalV60il,,,,,,,-0.0756
Gold Coast,"Gold Coast, Queensland",,Australia,Sarah Lovai,#GOODMORNING #GOLDCOAST @ On The Beach - Palm Beach https://t.co/Ray3PqAFnz,Gold Coast,Suburb,Palm Beach,,,,0
Gold Coast,"Gold Coast, Queensland",,"Queensland / TenthRegion, KUW",ŸÖÿ¥ÿπŸÑ ÿ≠ŸÖÿØÿßŸÜ ÿßŸÑÿπÿØŸàÿßŸÜŸ?,"I'm at RACV Royal Pines Resort in Benowa, QLD https://t.co/RFtkyqVmBw",Gold Coast,Suburb,Benowa,Accommodation,Hotel and resort,RACV Royal Pines Resort,0
Gold Coast,"Gold Coast, Queensland",Brisbane,"Gold Coast, Australia",Josh Withers,.@Qantas I've had to hire another PA system because mine has been lost and I'm Townsville bound for a wedding now,City,Townsville,,Transport,Air transport,Airline,-0.1591
Gold Coast,"Gold Coast, Queensland",Pacific Time (US & Canada),"Bandung, Jawa Barat",Azlina Faracipta,I think this penguin is sleeping (at Sea World) [pic] ‚Äî https://t.co/1q54tRQeDa,Gold Coast,Suburb,Main Beach,Attraction,Manmade,Theme Park,0
Gold Coast,"Gold Coast, Queensland",Brasilia,"Gold Coast, Queensland",Nameless œÄ,"Pray with faith and goes to sea! 

Solit?°rio Surfista. ?üå? @ Snapper Rocks https://t.co/Oml9lHmEI4",Gold Coast,Suburb,Coolangatta,Recreation,Water based sport,Surf,0.2196
Gold Coast,"Gold Coast, Queensland",Sydney,"Sydney, Australia",Simon Baker,Because I'm Batman! Cheeky weekend away with the fam to top up on adrenaline ?üò≤ @ Warner Bros.‚Ä¶ https://t.co/CAKK6GZX3q,Gold Coast,Suburb,Oxenford,Attraction,Manmade,Theme Park,0.1012
Gold Coast,"Gold Coast, Queensland",,,?Åë?ÅÑ?Åü  ‚ñ≥,Time to suuuuuurf ?üå±,,,,Recreation,Water based sport,Surf,0
Gold Coast,"Gold Coast, Queensland",Sydney,Northern NSW Australia ,Adam Biggs,"#TheCatEmpire at #NightQuarter - coming together nicely - big show, lots of crew on (last night‚Ä¶ https://t.co/DAPDj8S3rT",Gold Coast,Suburb,Helensvale,Recreation,Market,Night Quarter,0.4404
Gold Coast,"Gold Coast, Queensland",Singapore,,claudia tay,The best meal of our trip so far!!!!! Really grateful for 'cheap‚Ä¶ https://t.co/sGiTFPkX6H,,,,Food and Beverage,Meal,,0.6288
Gold Coast,"Gold Coast, Queensland",Tokyo,Gold Coast | Tokyo | Kuwait ,ÿ≠ŸÖŸàÿØ ÿßŸÑÿπÿ™Ÿ?ÿ®Ÿ?,"I'm at Surfers Paradise Beach in Surfers Paradise, QLD https://t.co/MDmqGAjytu",Gold Coast,Suburb,Surfer Paradise,,,,0.8555
Gold Coast,"Gold Coast, Queensland",Singapore,Singapore,DASH,Adventure Cove ?üè??üèº @ WhiteWater World Australia https://t.co/jgWXB0gGKI,Gold Coast,Suburb,Coomera,Attraction,Manmade,Theme Park,0.3182
Gold Coast,"Gold Coast, Queensland",,Bacolod City,Kenn Manasan,Bazeke and mingming! #wheningoldcoast #australia @ Warner Bros.‚Ä¶ https://t.co/Xxvhn8457c,Gold Coast,Suburb,Oxenford,Attraction,Manmade,Theme Park,0
Gold Coast,"Gold Coast, Queensland",Brisbane,,Mathew Daniel Nelson,"Managed to capture a few meteors from the shower last night over the Gold Coast, Australia. I‚Ä¶ https://t.co/6pksANSoK2",City,Gold Coast,,,,,0
Gold Coast,"Gold Coast, Queensland",,Belfast,Alison Tham,Beautiful Burleigh ‚òÄÔ∏è?üå? #goldcoast #queensland #australia #beautiful #burgleigh #monday #sunny‚Ä¶ https://t.co/gS79lNDn4a,Gold Coast,Suburb,Burleigh Heads,,,,0.5994
Gold Coast,"Gold Coast, Queensland",Jakarta,surabaya,Nicky,the deep blue sea - Gold coast Sea World https://t.co/QQYtZ4FgjD,Gold Coast,Suburb,Main Beach,Attraction,Manmade,Theme Park,0
Gold Coast,"Gold Coast, Queensland",Beijing,,fauzi daez,"The moment i touch youu ?üòç?üê®.. #paradisecountry #goldcoast Australia @ Paradise Country, Gold‚Ä¶ https://t.co/1tyJLjqAZY",Gold Coast,Suburb,Oxenford,Attraction,Manmade,Theme Park,0.6369
Gold Coast,"Gold Coast, Queensland",Melbourne,Global Citizen ,Tammy C.,?üëÄ @ Surfers Paradise Beach https://t.co/Rgf37clqzk,Gold Coast,Suburb,Surfer Paradise,,,,0.6369
Gold Coast,"Gold Coast, Queensland",Mountain Time (US & Canada),Canmore   Alberta,Aydin Odyakmaz,Learning to fly the #kitesurf on #Currumbin #beach  with a practice kite #Australia #a7r2 #zeiss‚Ä¶ https://t.co/owm2mc8alQ,Gold Coast,Suburb,Currumbin,Recreation,Water based sport,Kite surf,0
Gold Coast,"Gold Coast, Queensland",Pacific Time (US & Canada),Australia ‚ô°,N ‚òæ,"I'm at Broadbeach Beach in Broadbeach, QLD https://t.co/edzTnpcKYY",Gold Coast,Suburb,Broad Beach,,,,0
Gold Coast,"Gold Coast, Queensland",Sydney,"Sydney, New South Wales",Karlee Elisabeth,Movieworld has a new star #jayden #familyroadtrip #familyvacay #movieworldaus #movieworld‚Ä¶ https://t.co/JfRO65K2WO,Gold Coast,Suburb,Oxenford,Attraction,Manmade,Theme Park,0
Gold Coast,"Gold Coast, Queensland",,,Whiskywingyil,"Just posted a photo @ Warner Bros. Movie World - Gold Coast, Australia https://t.co/v6X8kb8XxD",Gold Coast,Suburb,Oxenford,Attraction,Manmade,Theme Park,0
Gold Coast,"Gold Coast, Queensland",Sydney,"iPhone: -33.869030,151.209427",ÎèÖ??§ÌÉÄ James Yeom,Tension in the breakfast #Í∞úÍµ¨?üÅ?ù¥ #family #travel #holiday #goldcoast #Îî∏ #?ïÑ?π®Î∞• #Îî∏??§ÌÉÄÍ∑∏Î?® @ Sheraton‚Ä¶ https://t.co/k9bKtcgPYM,Gold Coast,Suburb,Main Beach,Accommodation,Hotel and resort,Sheraton,-0.3182
Gold Coast,"Gold Coast, Queensland",Sydney,Australia,Sally Whitehead,"Love the view, the location and the accommodation. Going to be an awesome week. @ Moorings on‚Ä¶ https://t.co/LEdKLNi3c7",,,,Accommodation,,,0.4206
Gold Coast,"Gold Coast, Queensland",Brisbane, Australia,Bevin Rijkaart,.@YourGoldCoast @Queensland @VisitGoldCoast @Australia @CanonAustralia thanks so much. ?üòÉ,City,Gold Coast,,Recreation,Photography,Brand,0.1468
Gold Coast,"Gold Coast, Queensland",Brisbane,Melbourne,Benedict Forrest,"Surprise! I'm on the Gold Coast this weekend! #beach #goldcoast @ Mermaid Beach, on the Beach https://t.co/zU9coVrypg",Gold Coast,Suburb,Mermaid Beach,,,,0.1127
Gold Coast,"Gold Coast, Queensland",Singapore,,Jermaine,"I take back the caption of the prev. photo. SEA world blew my mind wtf @ Sea World - Gold Coast,‚Ä¶ https://t.co/cSATttoo9a",Gold Coast,Suburb,Main Beach,Attraction,Manmade,Theme Park,-0.1953
Gold Coast,"Gold Coast, Queensland",Brisbane,,luccas,Asians and Indians @ Snapper Rocks https://t.co/QEFiI5Suuf,Gold Coast,Suburb,Coolangatta,,,,0
Gold Coast,"Gold Coast, Queensland",Amsterdam,"Viborg, Denmark",Neil G Bautista,"I'm at Surfers Paradise in Surfers Paradise, QLD https://t.co/mMwS3F9GNY",Gold Coast,Suburb,Surfer Paradise,,,,0.8555
Gold Coast,"Gold Coast, Queensland",Alaska,,POP+Culture,Say hi if I bump into you~^^ #movieworldaustralia #goldcoast @ Warner Bros. Movie World - Gold‚Ä¶ https://t.co/Im2yMqTgAm,Gold Coast,Suburb,Oxenford,Attraction,Manmade,Theme Park,0
Gold Coast,"Gold Coast, Queensland",,"Surfers Paradise, Gold Coast",Emma Swinson,Chiangmai Thai #food #foodporn #yum #instafood #InstaTags4Likes #yummy #munchies #amazing‚Ä¶ https://t.co/Kk7wiblL0l,Gold Coast,Suburb,Surfer Paradise,Food and Beverage,Restaurant,Chiangmai Thai,0
Gold Coast,"Gold Coast, Queensland",Kuala Lumpur,"Miri, Sarawak",Nsa Adenan,?üèñ #fatimaingoldcoast @ Surfers Paradise Beach https://t.co/IFa60C78kY,Gold Coast,Suburb,Surfer Paradise,,,,0.6369
Gold Coast,"Gold Coast, Queensland",Brisbane,The Tardis,The One & Only!,The Tram stop smells like a Friday/Saturday night... Ick... #ohwell #wontbehereforlong @ Gold‚Ä¶ https://t.co/Ypkze4kz4v,City,Gold Coast,Tram,Transport,Tram,,0.0772
Gold Coast,"Gold Coast, Queensland",Brisbane,"Gold Coast, Australia",Nick Hortovanyi,So lovely - just perfect #goldcoast #queensland #bluesky #ocean #beachlife #beachwalk #sunshine‚Ä¶ https://t.co/Qw1FmVmAVQ,Gold Coast,Beach,,,,,0.8425
Gold Coast,"Gold Coast, Queensland",,"Surfers Paradise, Gold Coast",Chelsea Rose ‚úó,Can't wait for tomorrow. Tambourine mountains and glow worm caves and a long ass hike ?üëå?üèΩ,Gold Coast,Hinterland,Mt Tambourine,Recreation,Sport,Hike,-0.2712
Gold Coast,"Gold Coast, Queensland",Sydney,"Gold Coast, Australia",Caz Craig Makepeace,"Girls day out! Kalyra and i spent the morning SUPping on Tallebudgera Creek.

#Epic 

We rode‚Ä¶ https://t.co/FpatftEqeH",Gold Coast,Suburb,Palm Beach,Recreation,Water based sport,Stand up paddle,0
Gold Coast,"Gold Coast, Queensland",International Date Line West,NYC,Nim—îs?Ω ?Ωs—çmi?ò ‚Ñ¢,#sunrise #paradisebeach #australia #?üåÖ @ Crowne Plaza Surfers Paradise https://t.co/hXYcYwbvN7,Gold Coast,Suburb,Surfer Paradise,Accommodation,Hotel and resort,Crowne Plaza,0.6369
Gold Coast,"Gold Coast, Queensland",Darwin,"Darwin, Northern Territory",J Mangohig,Hit the beach before the studio today. #TheLonelyBoys loving that #OceanLife #burleighheads‚Ä¶ https://t.co/60AdkbLFtq,Gold Coast,Suburb,Burleigh Heads,Music,Band,The Lonely Boys,0.2997
Gold Coast,"Gold Coast, Queensland",Brisbane,Brisbane,Julian Davis Ô£ø,"#carnivale time at #movieworld @ Warner Bros. Movie World - Gold Coast, Australia https://t.co/JzRWJu0YxR",Gold Coast,Suburb,Oxenford,Attraction,Manmade,Theme Park,0
Gold Coast,"Gold Coast, Queensland",,Carrs Creek,Herman Claassens,"I'm at Surfers Paradise in Surfers Paradise, QLD https://t.co/S7658d677s",Gold Coast,Suburb,Surfer Paradise,,,,0.8555
Gold Coast,"Gold Coast, Queensland",,"Nobby Beach, QLD 4218",Canvas Espresso,Your breakfast is ready #rustic #farmfresh #yummo #getinmybelly @ Canvas espresso Nobby Beach https://t.co/2M2eFq0Ln3,nobby beach,,,Food and Beverage,restaurant,canvas espresso,0.3612
Gold Coast,"Gold Coast, Queensland",Brisbane,"Currumbin Valley, Australia",Pete Tweet,Crafter noon - Drinking a Pacific Ale by @Stoneandwood @ Currumbin Eco Village  ‚Äî https://t.co/bKwVKDENIA,Gold Coast,Suburb,Currumbin,Food and Beverage,Beer,Pacif Ale,0
Gold Coast,"Gold Coast, Queensland",Singapore,,kaya,3rd day spent @ Dreamworld ‚ú® @ Dreamworld Australia https://t.co/baRj3Gw4Ru,Gold Coast,Suburb,Coomera,Attraction,Manmade,Theme Park,0
Gold Coast,"Gold Coast, Queensland",Alaska,Hong Kong,PowerUpTimelapse,"Amazing sunset at Gold Coast Australia.
Nikon D810A
Zeiss Milvus 21mm
@CarlZeissLenses @NikonAsia @manfrotto_tweet https://t.co/UItfQS2VSV",Gold Coast,,,,,,0.2929
Gold Coast,"Gold Coast, Queensland",Brisbane,Australia,Katische Haberfield,How cool is this jetty. @ The Spit Off Leash Dog Beach https://t.co/ArcyiK4cx5,Gold Coast,Suburb,Main Beach,Recreation,Pet walk,Off leash dog beach,0.1591
Gold Coast,"Gold Coast, Queensland",Alaska,Êó•Êú¨,Ë°õ ?ÉÅ?Éº?Éã?Éº,I'm on a VACAYtion @ Surfers Paradise Boulevard Gold Coast https://t.co/ckkI2MhDsH,Gold Coast,Suburb,Surfer Paradise,Tourism,Vacation,,0.6369
Gold Coast,"Gold Coast, Queensland",Alaska,Êó•Êú¨,Ë°õ ?ÉÅ?Éº?Éã?Éº,I'm on a VACAYtion @ Surfers Paradise Boulevard Gold Coast https://t.co/Mtx6xM9Z4i,Gold Coast,Suburb,Surfer Paradise,Tourism,Vacation,,0.6369
Gold Coast,"Gold Coast, Queensland",Brisbane,"Gold Coast, Australia",Josh Withers,"Crazy weekend begins now: GC ?üõ´ Coogee ?ü?ó Hunter Valley ?üè? Sydney ‚úàÔ∏è Adelaide ?üõ© GC. The coffee better be hot, @Qantas",Gold Coast,,,Tourism,Multi city trip,,0.0502
